Consolidate compiler generated dependencies of target unitree_go__rosidl_generator_c
[  1%] Built target unitree_go__rs
[  1%] Built target unitree_go__cpp
[  1%] Generating DDS interfaces
[  2%] Generating C++ type support for eProsima Fast-RTPS
[ 14%] Built target unitree_go__rosidl_generator_c
[ 15%] Generating C++ introspection for ROS interfaces
[ 15%] Built target ament_cmake_python_symlink_unitree_go
[ 16%] Generating C++ type support dispatch for ROS interfaces
[ 16%] Building CXX object CMakeFiles/unitree_go__rosidl_typesupport_cpp.dir/rosidl_typesupport_cpp/unitree_go/msg/audio_data__type_support.cpp.o
[ 16%] Built target unitree_go__dds_connext_idl
[ 17%] Building CXX object CMakeFiles/unitree_go__rosidl_typesupport_cpp.dir/rosidl_typesupport_cpp/unitree_go/msg/bms_cmd__type_support.cpp.o
[ 17%] Building CXX object CMakeFiles/unitree_go__rosidl_typesupport_cpp.dir/rosidl_typesupport_cpp/unitree_go/msg/bms_state__type_support.cpp.o
[ 17%] Building CXX object CMakeFiles/unitree_go__rosidl_typesupport_introspection_cpp.dir/rosidl_typesupport_introspection_cpp/unitree_go/msg/detail/audio_data__type_support.cpp.o
[ 17%] Building CXX object CMakeFiles/unitree_go__rosidl_typesupport_fastrtps_cpp.dir/rosidl_typesupport_fastrtps_cpp/unitree_go/msg/detail/dds_fastrtps/audio_data__type_support.cpp.o
[ 18%] Building CXX object CMakeFiles/unitree_go__rosidl_typesupport_cpp.dir/rosidl_typesupport_cpp/unitree_go/msg/error__type_support.cpp.o
[ 19%] Building CXX object CMakeFiles/unitree_go__rosidl_typesupport_fastrtps_cpp.dir/rosidl_typesupport_fastrtps_cpp/unitree_go/msg/detail/dds_fastrtps/bms_cmd__type_support.cpp.o
[ 19%] Building CXX object CMakeFiles/unitree_go__rosidl_typesupport_introspection_cpp.dir/rosidl_typesupport_introspection_cpp/unitree_go/msg/detail/bms_cmd__type_support.cpp.o
[ 19%] Building CXX object CMakeFiles/unitree_go__rosidl_typesupport_cpp.dir/rosidl_typesupport_cpp/unitree_go/msg/go2_front_video_data__type_support.cpp.o
[ 20%] Building CXX object CMakeFiles/unitree_go__rosidl_typesupport_cpp.dir/rosidl_typesupport_cpp/unitree_go/msg/height_map__type_support.cpp.o
[ 20%] Building CXX object CMakeFiles/unitree_go__rosidl_typesupport_fastrtps_cpp.dir/rosidl_typesupport_fastrtps_cpp/unitree_go/msg/detail/dds_fastrtps/bms_state__type_support.cpp.o
[ 21%] Building CXX object CMakeFiles/unitree_go__rosidl_typesupport_introspection_cpp.dir/rosidl_typesupport_introspection_cpp/unitree_go/msg/detail/bms_state__type_support.cpp.o
[ 21%] Building CXX object CMakeFiles/unitree_go__rosidl_typesupport_cpp.dir/rosidl_typesupport_cpp/unitree_go/msg/imu_state__type_support.cpp.o
[ 21%] Building CXX object CMakeFiles/unitree_go__rosidl_typesupport_fastrtps_cpp.dir/rosidl_typesupport_fastrtps_cpp/unitree_go/msg/detail/dds_fastrtps/error__type_support.cpp.o
[ 21%] Building CXX object CMakeFiles/unitree_go__rosidl_typesupport_introspection_cpp.dir/rosidl_typesupport_introspection_cpp/unitree_go/msg/detail/error__type_support.cpp.o
[ 21%] Building CXX object CMakeFiles/unitree_go__rosidl_typesupport_cpp.dir/rosidl_typesupport_cpp/unitree_go/msg/interface_config__type_support.cpp.o
[ 22%] Building CXX object CMakeFiles/unitree_go__rosidl_typesupport_cpp.dir/rosidl_typesupport_cpp/unitree_go/msg/lidar_state__type_support.cpp.o
[ 23%] Building CXX object CMakeFiles/unitree_go__rosidl_typesupport_fastrtps_cpp.dir/rosidl_typesupport_fastrtps_cpp/unitree_go/msg/detail/dds_fastrtps/go2_front_video_data__type_support.cpp.o
[ 24%] Building CXX object CMakeFiles/unitree_go__rosidl_typesupport_introspection_cpp.dir/rosidl_typesupport_introspection_cpp/unitree_go/msg/detail/go2_front_video_data__type_support.cpp.o
[ 24%] Building CXX object CMakeFiles/unitree_go__rosidl_typesupport_cpp.dir/rosidl_typesupport_cpp/unitree_go/msg/low_cmd__type_support.cpp.o
[ 24%] Building CXX object CMakeFiles/unitree_go__rosidl_typesupport_introspection_cpp.dir/rosidl_typesupport_introspection_cpp/unitree_go/msg/detail/height_map__type_support.cpp.o
[ 24%] Building CXX object CMakeFiles/unitree_go__rosidl_typesupport_fastrtps_cpp.dir/rosidl_typesupport_fastrtps_cpp/unitree_go/msg/detail/dds_fastrtps/height_map__type_support.cpp.o
[ 25%] Building CXX object CMakeFiles/unitree_go__rosidl_typesupport_cpp.dir/rosidl_typesupport_cpp/unitree_go/msg/low_state__type_support.cpp.o
[ 25%] Building CXX object CMakeFiles/unitree_go__rosidl_typesupport_cpp.dir/rosidl_typesupport_cpp/unitree_go/msg/motor_cmd__type_support.cpp.o
[ 26%] Building CXX object CMakeFiles/unitree_go__rosidl_typesupport_introspection_cpp.dir/rosidl_typesupport_introspection_cpp/unitree_go/msg/detail/imu_state__type_support.cpp.o
[ 27%] Building CXX object CMakeFiles/unitree_go__rosidl_typesupport_fastrtps_cpp.dir/rosidl_typesupport_fastrtps_cpp/unitree_go/msg/detail/dds_fastrtps/imu_state__type_support.cpp.o
[ 28%] Building CXX object CMakeFiles/unitree_go__rosidl_typesupport_cpp.dir/rosidl_typesupport_cpp/unitree_go/msg/motor_cmds__type_support.cpp.o
[ 28%] Building CXX object CMakeFiles/unitree_go__rosidl_typesupport_introspection_cpp.dir/rosidl_typesupport_introspection_cpp/unitree_go/msg/detail/interface_config__type_support.cpp.o
[ 28%] Building CXX object CMakeFiles/unitree_go__rosidl_typesupport_cpp.dir/rosidl_typesupport_cpp/unitree_go/msg/motor_state__type_support.cpp.o
[ 28%] Building CXX object CMakeFiles/unitree_go__rosidl_typesupport_fastrtps_cpp.dir/rosidl_typesupport_fastrtps_cpp/unitree_go/msg/detail/dds_fastrtps/interface_config__type_support.cpp.o
[ 29%] Building CXX object CMakeFiles/unitree_go__rosidl_typesupport_introspection_cpp.dir/rosidl_typesupport_introspection_cpp/unitree_go/msg/detail/lidar_state__type_support.cpp.o
[ 30%] Building CXX object CMakeFiles/unitree_go__rosidl_typesupport_cpp.dir/rosidl_typesupport_cpp/unitree_go/msg/motor_states__type_support.cpp.o
[ 31%] Building CXX object CMakeFiles/unitree_go__rosidl_typesupport_fastrtps_cpp.dir/rosidl_typesupport_fastrtps_cpp/unitree_go/msg/detail/dds_fastrtps/lidar_state__type_support.cpp.o
[ 31%] Building CXX object CMakeFiles/unitree_go__rosidl_typesupport_cpp.dir/rosidl_typesupport_cpp/unitree_go/msg/path_point__type_support.cpp.o
[ 31%] Building CXX object CMakeFiles/unitree_go__rosidl_typesupport_introspection_cpp.dir/rosidl_typesupport_introspection_cpp/unitree_go/msg/detail/low_cmd__type_support.cpp.o
[ 32%] Building CXX object CMakeFiles/unitree_go__rosidl_typesupport_cpp.dir/rosidl_typesupport_cpp/unitree_go/msg/req__type_support.cpp.o
[ 32%] Building CXX object CMakeFiles/unitree_go__rosidl_typesupport_fastrtps_cpp.dir/rosidl_typesupport_fastrtps_cpp/unitree_go/msg/detail/dds_fastrtps/low_cmd__type_support.cpp.o
[ 33%] Building CXX object CMakeFiles/unitree_go__rosidl_typesupport_introspection_cpp.dir/rosidl_typesupport_introspection_cpp/unitree_go/msg/detail/low_state__type_support.cpp.o
[ 33%] Building CXX object CMakeFiles/unitree_go__rosidl_typesupport_cpp.dir/rosidl_typesupport_cpp/unitree_go/msg/res__type_support.cpp.o
[ 34%] Building CXX object CMakeFiles/unitree_go__rosidl_typesupport_cpp.dir/rosidl_typesupport_cpp/unitree_go/msg/sport_mode_cmd__type_support.cpp.o
[ 35%] Building CXX object CMakeFiles/unitree_go__rosidl_typesupport_fastrtps_cpp.dir/rosidl_typesupport_fastrtps_cpp/unitree_go/msg/detail/dds_fastrtps/low_state__type_support.cpp.o
[ 35%] Building CXX object CMakeFiles/unitree_go__rosidl_typesupport_introspection_cpp.dir/rosidl_typesupport_introspection_cpp/unitree_go/msg/detail/motor_cmd__type_support.cpp.o
[ 35%] Building CXX object CMakeFiles/unitree_go__rosidl_typesupport_cpp.dir/rosidl_typesupport_cpp/unitree_go/msg/sport_mode_state__type_support.cpp.o
[ 35%] Building CXX object CMakeFiles/unitree_go__rosidl_typesupport_fastrtps_cpp.dir/rosidl_typesupport_fastrtps_cpp/unitree_go/msg/detail/dds_fastrtps/motor_cmd__type_support.cpp.o
[ 35%] Building CXX object CMakeFiles/unitree_go__rosidl_typesupport_cpp.dir/rosidl_typesupport_cpp/unitree_go/msg/time_spec__type_support.cpp.o
[ 36%] Building CXX object CMakeFiles/unitree_go__rosidl_typesupport_introspection_cpp.dir/rosidl_typesupport_introspection_cpp/unitree_go/msg/detail/motor_cmds__type_support.cpp.o
[ 37%] Building CXX object CMakeFiles/unitree_go__rosidl_typesupport_fastrtps_cpp.dir/rosidl_typesupport_fastrtps_cpp/unitree_go/msg/detail/dds_fastrtps/motor_cmds__type_support.cpp.o
[ 38%] Building CXX object CMakeFiles/unitree_go__rosidl_typesupport_cpp.dir/rosidl_typesupport_cpp/unitree_go/msg/uwb_state__type_support.cpp.o
[ 38%] Building CXX object CMakeFiles/unitree_go__rosidl_typesupport_introspection_cpp.dir/rosidl_typesupport_introspection_cpp/unitree_go/msg/detail/motor_state__type_support.cpp.o
[ 38%] Building CXX object CMakeFiles/unitree_go__rosidl_typesupport_cpp.dir/rosidl_typesupport_cpp/unitree_go/msg/uwb_switch__type_support.cpp.o
[ 38%] Building CXX object CMakeFiles/unitree_go__rosidl_typesupport_fastrtps_cpp.dir/rosidl_typesupport_fastrtps_cpp/unitree_go/msg/detail/dds_fastrtps/motor_state__type_support.cpp.o
[ 39%] Building CXX object CMakeFiles/unitree_go__rosidl_typesupport_cpp.dir/rosidl_typesupport_cpp/unitree_go/msg/wireless_controller__type_support.cpp.o
[ 39%] Building CXX object CMakeFiles/unitree_go__rosidl_typesupport_introspection_cpp.dir/rosidl_typesupport_introspection_cpp/unitree_go/msg/detail/motor_states__type_support.cpp.o
[ 40%] Building CXX object CMakeFiles/unitree_go__rosidl_typesupport_fastrtps_cpp.dir/rosidl_typesupport_fastrtps_cpp/unitree_go/msg/detail/dds_fastrtps/motor_states__type_support.cpp.o
[ 40%] Linking CXX shared library libunitree_go__rosidl_typesupport_cpp.so
[ 40%] Built target unitree_go__rosidl_typesupport_cpp
[ 41%] Building CXX object CMakeFiles/unitree_go__rosidl_typesupport_introspection_cpp.dir/rosidl_typesupport_introspection_cpp/unitree_go/msg/detail/path_point__type_support.cpp.o
[ 41%] Building CXX object CMakeFiles/unitree_go__rosidl_typesupport_fastrtps_cpp.dir/rosidl_typesupport_fastrtps_cpp/unitree_go/msg/detail/dds_fastrtps/path_point__type_support.cpp.o
[ 41%] Building CXX object CMakeFiles/unitree_go__rosidl_typesupport_introspection_cpp.dir/rosidl_typesupport_introspection_cpp/unitree_go/msg/detail/req__type_support.cpp.o
[ 41%] Building CXX object CMakeFiles/unitree_go__rosidl_typesupport_fastrtps_cpp.dir/rosidl_typesupport_fastrtps_cpp/unitree_go/msg/detail/dds_fastrtps/req__type_support.cpp.o
[ 42%] Building CXX object CMakeFiles/unitree_go__rosidl_typesupport_introspection_cpp.dir/rosidl_typesupport_introspection_cpp/unitree_go/msg/detail/res__type_support.cpp.o
[ 43%] Building CXX object CMakeFiles/unitree_go__rosidl_typesupport_fastrtps_cpp.dir/rosidl_typesupport_fastrtps_cpp/unitree_go/msg/detail/dds_fastrtps/res__type_support.cpp.o
[ 43%] Building CXX object CMakeFiles/unitree_go__rosidl_typesupport_introspection_cpp.dir/rosidl_typesupport_introspection_cpp/unitree_go/msg/detail/sport_mode_cmd__type_support.cpp.o
[ 43%] Building CXX object CMakeFiles/unitree_go__rosidl_typesupport_fastrtps_cpp.dir/rosidl_typesupport_fastrtps_cpp/unitree_go/msg/detail/dds_fastrtps/sport_mode_cmd__type_support.cpp.o
[ 44%] Building CXX object CMakeFiles/unitree_go__rosidl_typesupport_introspection_cpp.dir/rosidl_typesupport_introspection_cpp/unitree_go/msg/detail/sport_mode_state__type_support.cpp.o
[ 45%] Building CXX object CMakeFiles/unitree_go__rosidl_typesupport_fastrtps_cpp.dir/rosidl_typesupport_fastrtps_cpp/unitree_go/msg/detail/dds_fastrtps/sport_mode_state__type_support.cpp.o
[ 45%] Building CXX object CMakeFiles/unitree_go__rosidl_typesupport_introspection_cpp.dir/rosidl_typesupport_introspection_cpp/unitree_go/msg/detail/time_spec__type_support.cpp.o
[ 45%] Building CXX object CMakeFiles/unitree_go__rosidl_typesupport_fastrtps_cpp.dir/rosidl_typesupport_fastrtps_cpp/unitree_go/msg/detail/dds_fastrtps/time_spec__type_support.cpp.o
[ 46%] Building CXX object CMakeFiles/unitree_go__rosidl_typesupport_introspection_cpp.dir/rosidl_typesupport_introspection_cpp/unitree_go/msg/detail/uwb_state__type_support.cpp.o
[ 47%] Building CXX object CMakeFiles/unitree_go__rosidl_typesupport_fastrtps_cpp.dir/rosidl_typesupport_fastrtps_cpp/unitree_go/msg/detail/dds_fastrtps/uwb_state__type_support.cpp.o
[ 47%] Building CXX object CMakeFiles/unitree_go__rosidl_typesupport_introspection_cpp.dir/rosidl_typesupport_introspection_cpp/unitree_go/msg/detail/uwb_switch__type_support.cpp.o
[ 47%] Building CXX object CMakeFiles/unitree_go__rosidl_typesupport_fastrtps_cpp.dir/rosidl_typesupport_fastrtps_cpp/unitree_go/msg/detail/dds_fastrtps/uwb_switch__type_support.cpp.o
[ 48%] Building CXX object CMakeFiles/unitree_go__rosidl_typesupport_introspection_cpp.dir/rosidl_typesupport_introspection_cpp/unitree_go/msg/detail/wireless_controller__type_support.cpp.o
[ 49%] Building CXX object CMakeFiles/unitree_go__rosidl_typesupport_fastrtps_cpp.dir/rosidl_typesupport_fastrtps_cpp/unitree_go/msg/detail/dds_fastrtps/wireless_controller__type_support.cpp.o
[ 49%] Linking CXX shared library libunitree_go__rosidl_typesupport_introspection_cpp.so
[ 49%] Built target unitree_go__rosidl_typesupport_introspection_cpp
[ 49%] Linking CXX shared library libunitree_go__rosidl_typesupport_fastrtps_cpp.so
[ 49%] Built target unitree_go__rosidl_typesupport_fastrtps_cpp
[ 50%] Generating C introspection for ROS interfaces
[ 50%] Building C object CMakeFiles/unitree_go__rosidl_typesupport_introspection_c.dir/rosidl_typesupport_introspection_c/unitree_go/msg/detail/audio_data__type_support.c.o
[ 51%] Building C object CMakeFiles/unitree_go__rosidl_typesupport_introspection_c.dir/rosidl_typesupport_introspection_c/unitree_go/msg/detail/bms_cmd__type_support.c.o
[ 51%] Building C object CMakeFiles/unitree_go__rosidl_typesupport_introspection_c.dir/rosidl_typesupport_introspection_c/unitree_go/msg/detail/bms_state__type_support.c.o
[ 51%] Building C object CMakeFiles/unitree_go__rosidl_typesupport_introspection_c.dir/rosidl_typesupport_introspection_c/unitree_go/msg/detail/error__type_support.c.o
[ 52%] Building C object CMakeFiles/unitree_go__rosidl_typesupport_introspection_c.dir/rosidl_typesupport_introspection_c/unitree_go/msg/detail/go2_front_video_data__type_support.c.o
[ 52%] Building C object CMakeFiles/unitree_go__rosidl_typesupport_introspection_c.dir/rosidl_typesupport_introspection_c/unitree_go/msg/detail/height_map__type_support.c.o
[ 53%] Building C object CMakeFiles/unitree_go__rosidl_typesupport_introspection_c.dir/rosidl_typesupport_introspection_c/unitree_go/msg/detail/imu_state__type_support.c.o
[ 53%] Building C object CMakeFiles/unitree_go__rosidl_typesupport_introspection_c.dir/rosidl_typesupport_introspection_c/unitree_go/msg/detail/interface_config__type_support.c.o
[ 54%] Building C object CMakeFiles/unitree_go__rosidl_typesupport_introspection_c.dir/rosidl_typesupport_introspection_c/unitree_go/msg/detail/lidar_state__type_support.c.o
[ 54%] Building C object CMakeFiles/unitree_go__rosidl_typesupport_introspection_c.dir/rosidl_typesupport_introspection_c/unitree_go/msg/detail/low_cmd__type_support.c.o
[ 55%] Building C object CMakeFiles/unitree_go__rosidl_typesupport_introspection_c.dir/rosidl_typesupport_introspection_c/unitree_go/msg/detail/low_state__type_support.c.o
[ 55%] Building C object CMakeFiles/unitree_go__rosidl_typesupport_introspection_c.dir/rosidl_typesupport_introspection_c/unitree_go/msg/detail/motor_cmd__type_support.c.o
[ 56%] Building C object CMakeFiles/unitree_go__rosidl_typesupport_introspection_c.dir/rosidl_typesupport_introspection_c/unitree_go/msg/detail/motor_cmds__type_support.c.o
[ 56%] Building C object CMakeFiles/unitree_go__rosidl_typesupport_introspection_c.dir/rosidl_typesupport_introspection_c/unitree_go/msg/detail/motor_state__type_support.c.o
[ 57%] Building C object CMakeFiles/unitree_go__rosidl_typesupport_introspection_c.dir/rosidl_typesupport_introspection_c/unitree_go/msg/detail/motor_states__type_support.c.o
[ 57%] Building C object CMakeFiles/unitree_go__rosidl_typesupport_introspection_c.dir/rosidl_typesupport_introspection_c/unitree_go/msg/detail/path_point__type_support.c.o
[ 57%] Building C object CMakeFiles/unitree_go__rosidl_typesupport_introspection_c.dir/rosidl_typesupport_introspection_c/unitree_go/msg/detail/req__type_support.c.o
[ 58%] Building C object CMakeFiles/unitree_go__rosidl_typesupport_introspection_c.dir/rosidl_typesupport_introspection_c/unitree_go/msg/detail/res__type_support.c.o
[ 58%] Building C object CMakeFiles/unitree_go__rosidl_typesupport_introspection_c.dir/rosidl_typesupport_introspection_c/unitree_go/msg/detail/sport_mode_cmd__type_support.c.o
[ 59%] Building C object CMakeFiles/unitree_go__rosidl_typesupport_introspection_c.dir/rosidl_typesupport_introspection_c/unitree_go/msg/detail/sport_mode_state__type_support.c.o
[ 59%] Building C object CMakeFiles/unitree_go__rosidl_typesupport_introspection_c.dir/rosidl_typesupport_introspection_c/unitree_go/msg/detail/time_spec__type_support.c.o
[ 60%] Building C object CMakeFiles/unitree_go__rosidl_typesupport_introspection_c.dir/rosidl_typesupport_introspection_c/unitree_go/msg/detail/uwb_state__type_support.c.o
[ 60%] Building C object CMakeFiles/unitree_go__rosidl_typesupport_introspection_c.dir/rosidl_typesupport_introspection_c/unitree_go/msg/detail/uwb_switch__type_support.c.o
[ 61%] Building C object CMakeFiles/unitree_go__rosidl_typesupport_introspection_c.dir/rosidl_typesupport_introspection_c/unitree_go/msg/detail/wireless_controller__type_support.c.o
[ 61%] Linking C shared library libunitree_go__rosidl_typesupport_introspection_c.so
[ 61%] Built target unitree_go__rosidl_typesupport_introspection_c
[ 62%] Generating C type support dispatch for ROS interfaces
[ 62%] Building CXX object CMakeFiles/unitree_go__rosidl_typesupport_c.dir/rosidl_typesupport_c/unitree_go/msg/audio_data__type_support.cpp.o
[ 63%] Building CXX object CMakeFiles/unitree_go__rosidl_typesupport_c.dir/rosidl_typesupport_c/unitree_go/msg/bms_cmd__type_support.cpp.o
[ 63%] Building CXX object CMakeFiles/unitree_go__rosidl_typesupport_c.dir/rosidl_typesupport_c/unitree_go/msg/bms_state__type_support.cpp.o
[ 64%] Building CXX object CMakeFiles/unitree_go__rosidl_typesupport_c.dir/rosidl_typesupport_c/unitree_go/msg/error__type_support.cpp.o
[ 64%] Building CXX object CMakeFiles/unitree_go__rosidl_typesupport_c.dir/rosidl_typesupport_c/unitree_go/msg/go2_front_video_data__type_support.cpp.o
[ 65%] Building CXX object CMakeFiles/unitree_go__rosidl_typesupport_c.dir/rosidl_typesupport_c/unitree_go/msg/height_map__type_support.cpp.o
[ 65%] Building CXX object CMakeFiles/unitree_go__rosidl_typesupport_c.dir/rosidl_typesupport_c/unitree_go/msg/imu_state__type_support.cpp.o
[ 66%] Building CXX object CMakeFiles/unitree_go__rosidl_typesupport_c.dir/rosidl_typesupport_c/unitree_go/msg/interface_config__type_support.cpp.o
[ 66%] Building CXX object CMakeFiles/unitree_go__rosidl_typesupport_c.dir/rosidl_typesupport_c/unitree_go/msg/lidar_state__type_support.cpp.o
[ 66%] Building CXX object CMakeFiles/unitree_go__rosidl_typesupport_c.dir/rosidl_typesupport_c/unitree_go/msg/low_cmd__type_support.cpp.o
[ 67%] Building CXX object CMakeFiles/unitree_go__rosidl_typesupport_c.dir/rosidl_typesupport_c/unitree_go/msg/low_state__type_support.cpp.o
[ 67%] Building CXX object CMakeFiles/unitree_go__rosidl_typesupport_c.dir/rosidl_typesupport_c/unitree_go/msg/motor_cmd__type_support.cpp.o
[ 68%] Building CXX object CMakeFiles/unitree_go__rosidl_typesupport_c.dir/rosidl_typesupport_c/unitree_go/msg/motor_cmds__type_support.cpp.o
[ 68%] Building CXX object CMakeFiles/unitree_go__rosidl_typesupport_c.dir/rosidl_typesupport_c/unitree_go/msg/motor_state__type_support.cpp.o
[ 69%] Building CXX object CMakeFiles/unitree_go__rosidl_typesupport_c.dir/rosidl_typesupport_c/unitree_go/msg/motor_states__type_support.cpp.o
[ 69%] Building CXX object CMakeFiles/unitree_go__rosidl_typesupport_c.dir/rosidl_typesupport_c/unitree_go/msg/path_point__type_support.cpp.o
[ 70%] Building CXX object CMakeFiles/unitree_go__rosidl_typesupport_c.dir/rosidl_typesupport_c/unitree_go/msg/req__type_support.cpp.o
[ 70%] Building CXX object CMakeFiles/unitree_go__rosidl_typesupport_c.dir/rosidl_typesupport_c/unitree_go/msg/res__type_support.cpp.o
[ 71%] Building CXX object CMakeFiles/unitree_go__rosidl_typesupport_c.dir/rosidl_typesupport_c/unitree_go/msg/sport_mode_cmd__type_support.cpp.o
[ 71%] Building CXX object CMakeFiles/unitree_go__rosidl_typesupport_c.dir/rosidl_typesupport_c/unitree_go/msg/sport_mode_state__type_support.cpp.o
[ 72%] Building CXX object CMakeFiles/unitree_go__rosidl_typesupport_c.dir/rosidl_typesupport_c/unitree_go/msg/time_spec__type_support.cpp.o
[ 72%] Building CXX object CMakeFiles/unitree_go__rosidl_typesupport_c.dir/rosidl_typesupport_c/unitree_go/msg/uwb_state__type_support.cpp.o
[ 72%] Building CXX object CMakeFiles/unitree_go__rosidl_typesupport_c.dir/rosidl_typesupport_c/unitree_go/msg/uwb_switch__type_support.cpp.o
[ 73%] Building CXX object CMakeFiles/unitree_go__rosidl_typesupport_c.dir/rosidl_typesupport_c/unitree_go/msg/wireless_controller__type_support.cpp.o
[ 73%] Linking CXX shared library libunitree_go__rosidl_typesupport_c.so
[ 73%] Built target unitree_go__rosidl_typesupport_c
[ 74%] Generating C type support for eProsima Fast-RTPS
[ 74%] Building CXX object CMakeFiles/unitree_go__rosidl_typesupport_fastrtps_c.dir/rosidl_typesupport_fastrtps_c/unitree_go/msg/detail/audio_data__type_support_c.cpp.o
[ 74%] Building CXX object CMakeFiles/unitree_go__rosidl_typesupport_fastrtps_c.dir/rosidl_typesupport_fastrtps_c/unitree_go/msg/detail/bms_state__type_support_c.cpp.o
[ 75%] Building CXX object CMakeFiles/unitree_go__rosidl_typesupport_fastrtps_c.dir/rosidl_typesupport_fastrtps_c/unitree_go/msg/detail/error__type_support_c.cpp.o
[ 75%] Building CXX object CMakeFiles/unitree_go__rosidl_typesupport_fastrtps_c.dir/rosidl_typesupport_fastrtps_c/unitree_go/msg/detail/go2_front_video_data__type_support_c.cpp.o
[ 75%] Building CXX object CMakeFiles/unitree_go__rosidl_typesupport_fastrtps_c.dir/rosidl_typesupport_fastrtps_c/unitree_go/msg/detail/height_map__type_support_c.cpp.o
[ 76%] Building CXX object CMakeFiles/unitree_go__rosidl_typesupport_fastrtps_c.dir/rosidl_typesupport_fastrtps_c/unitree_go/msg/detail/imu_state__type_support_c.cpp.o
[ 76%] Building CXX object CMakeFiles/unitree_go__rosidl_typesupport_fastrtps_c.dir/rosidl_typesupport_fastrtps_c/unitree_go/msg/detail/interface_config__type_support_c.cpp.o
[ 77%] Building CXX object CMakeFiles/unitree_go__rosidl_typesupport_fastrtps_c.dir/rosidl_typesupport_fastrtps_c/unitree_go/msg/detail/lidar_state__type_support_c.cpp.o
[ 77%] Building CXX object CMakeFiles/unitree_go__rosidl_typesupport_fastrtps_c.dir/rosidl_typesupport_fastrtps_c/unitree_go/msg/detail/low_cmd__type_support_c.cpp.o
[ 78%] Building CXX object CMakeFiles/unitree_go__rosidl_typesupport_fastrtps_c.dir/rosidl_typesupport_fastrtps_c/unitree_go/msg/detail/low_state__type_support_c.cpp.o
[ 78%] Building CXX object CMakeFiles/unitree_go__rosidl_typesupport_fastrtps_c.dir/rosidl_typesupport_fastrtps_c/unitree_go/msg/detail/motor_cmd__type_support_c.cpp.o
[ 79%] Building CXX object CMakeFiles/unitree_go__rosidl_typesupport_fastrtps_c.dir/rosidl_typesupport_fastrtps_c/unitree_go/msg/detail/motor_cmds__type_support_c.cpp.o
[ 79%] Building CXX object CMakeFiles/unitree_go__rosidl_typesupport_fastrtps_c.dir/rosidl_typesupport_fastrtps_c/unitree_go/msg/detail/motor_state__type_support_c.cpp.o
[ 80%] Building CXX object CMakeFiles/unitree_go__rosidl_typesupport_fastrtps_c.dir/rosidl_typesupport_fastrtps_c/unitree_go/msg/detail/motor_states__type_support_c.cpp.o
[ 80%] Building CXX object CMakeFiles/unitree_go__rosidl_typesupport_fastrtps_c.dir/rosidl_typesupport_fastrtps_c/unitree_go/msg/detail/path_point__type_support_c.cpp.o
[ 81%] Building CXX object CMakeFiles/unitree_go__rosidl_typesupport_fastrtps_c.dir/rosidl_typesupport_fastrtps_c/unitree_go/msg/detail/req__type_support_c.cpp.o
[ 81%] Building CXX object CMakeFiles/unitree_go__rosidl_typesupport_fastrtps_c.dir/rosidl_typesupport_fastrtps_c/unitree_go/msg/detail/res__type_support_c.cpp.o
[ 81%] Building CXX object CMakeFiles/unitree_go__rosidl_typesupport_fastrtps_c.dir/rosidl_typesupport_fastrtps_c/unitree_go/msg/detail/sport_mode_cmd__type_support_c.cpp.o
[ 82%] Building CXX object CMakeFiles/unitree_go__rosidl_typesupport_fastrtps_c.dir/rosidl_typesupport_fastrtps_c/unitree_go/msg/detail/sport_mode_state__type_support_c.cpp.o
[ 82%] Building CXX object CMakeFiles/unitree_go__rosidl_typesupport_fastrtps_c.dir/rosidl_typesupport_fastrtps_c/unitree_go/msg/detail/time_spec__type_support_c.cpp.o
[ 83%] Building CXX object CMakeFiles/unitree_go__rosidl_typesupport_fastrtps_c.dir/rosidl_typesupport_fastrtps_c/unitree_go/msg/detail/uwb_state__type_support_c.cpp.o
[ 83%] Building CXX object CMakeFiles/unitree_go__rosidl_typesupport_fastrtps_c.dir/rosidl_typesupport_fastrtps_c/unitree_go/msg/detail/uwb_switch__type_support_c.cpp.o
[ 84%] Building CXX object CMakeFiles/unitree_go__rosidl_typesupport_fastrtps_c.dir/rosidl_typesupport_fastrtps_c/unitree_go/msg/detail/wireless_controller__type_support_c.cpp.o
[ 85%] Building CXX object CMakeFiles/unitree_go__rosidl_typesupport_fastrtps_c.dir/rosidl_typesupport_fastrtps_c/unitree_go/msg/detail/bms_cmd__type_support_c.cpp.o
[ 85%] Linking CXX shared library libunitree_go__rosidl_typesupport_fastrtps_c.so
[ 85%] Built target unitree_go__rosidl_typesupport_fastrtps_c
running egg_info
creating unitree_go.egg-info
writing unitree_go.egg-info/PKG-INFO
writing dependency_links to unitree_go.egg-info/dependency_links.txt
writing top-level names to unitree_go.egg-info/top_level.txt
writing manifest file 'unitree_go.egg-info/SOURCES.txt'
reading manifest file 'unitree_go.egg-info/SOURCES.txt'
writing manifest file 'unitree_go.egg-info/SOURCES.txt'
[ 85%] Built target ament_cmake_python_build_unitree_go_egg
[ 85%] Built target unitree_go
[ 86%] Generating Python code for ROS interfaces
[ 86%] Built target unitree_go__py
[ 86%] Building C object CMakeFiles/unitree_go__rosidl_generator_py.dir/rosidl_generator_py/unitree_go/msg/_audio_data_s.c.o
[ 87%] Building C object CMakeFiles/unitree_go__rosidl_generator_py.dir/rosidl_generator_py/unitree_go/msg/_bms_cmd_s.c.o
[ 88%] Building C object CMakeFiles/unitree_go__rosidl_generator_py.dir/rosidl_generator_py/unitree_go/msg/_error_s.c.o
[ 88%] Building C object CMakeFiles/unitree_go__rosidl_generator_py.dir/rosidl_generator_py/unitree_go/msg/_go2_front_video_data_s.c.o
[ 89%] Building C object CMakeFiles/unitree_go__rosidl_generator_py.dir/rosidl_generator_py/unitree_go/msg/_height_map_s.c.o
[ 89%] Building C object CMakeFiles/unitree_go__rosidl_generator_py.dir/rosidl_generator_py/unitree_go/msg/_imu_state_s.c.o
[ 90%] Building C object CMakeFiles/unitree_go__rosidl_generator_py.dir/rosidl_generator_py/unitree_go/msg/_interface_config_s.c.o
[ 90%] Building C object CMakeFiles/unitree_go__rosidl_generator_py.dir/rosidl_generator_py/unitree_go/msg/_lidar_state_s.c.o
[ 91%] Building C object CMakeFiles/unitree_go__rosidl_generator_py.dir/rosidl_generator_py/unitree_go/msg/_low_state_s.c.o
[ 91%] Building C object CMakeFiles/unitree_go__rosidl_generator_py.dir/rosidl_generator_py/unitree_go/msg/_motor_cmd_s.c.o
[ 92%] Building C object CMakeFiles/unitree_go__rosidl_generator_py.dir/rosidl_generator_py/unitree_go/msg/_motor_cmds_s.c.o
[ 92%] Building C object CMakeFiles/unitree_go__rosidl_generator_py.dir/rosidl_generator_py/unitree_go/msg/_motor_state_s.c.o
[ 93%] Building C object CMakeFiles/unitree_go__rosidl_generator_py.dir/rosidl_generator_py/unitree_go/msg/_motor_states_s.c.o
[ 93%] Building C object CMakeFiles/unitree_go__rosidl_generator_py.dir/rosidl_generator_py/unitree_go/msg/_path_point_s.c.o
[ 93%] Building C object CMakeFiles/unitree_go__rosidl_generator_py.dir/rosidl_generator_py/unitree_go/msg/_low_cmd_s.c.o
[ 94%] Building C object CMakeFiles/unitree_go__rosidl_generator_py.dir/rosidl_generator_py/unitree_go/msg/_req_s.c.o
[ 94%] Building C object CMakeFiles/unitree_go__rosidl_generator_py.dir/rosidl_generator_py/unitree_go/msg/_res_s.c.o
[ 95%] Building C object CMakeFiles/unitree_go__rosidl_generator_py.dir/rosidl_generator_py/unitree_go/msg/_sport_mode_cmd_s.c.o
[ 95%] Building C object CMakeFiles/unitree_go__rosidl_generator_py.dir/rosidl_generator_py/unitree_go/msg/_sport_mode_state_s.c.o
[ 96%] Building C object CMakeFiles/unitree_go__rosidl_generator_py.dir/rosidl_generator_py/unitree_go/msg/_time_spec_s.c.o
[ 96%] Building C object CMakeFiles/unitree_go__rosidl_generator_py.dir/rosidl_generator_py/unitree_go/msg/_uwb_state_s.c.o
[ 96%] Building C object CMakeFiles/unitree_go__rosidl_generator_py.dir/rosidl_generator_py/unitree_go/msg/_uwb_switch_s.c.o
[ 97%] Building C object CMakeFiles/unitree_go__rosidl_generator_py.dir/rosidl_generator_py/unitree_go/msg/_wireless_controller_s.c.o
[ 97%] Building C object CMakeFiles/unitree_go__rosidl_generator_py.dir/rosidl_generator_py/unitree_go/msg/_bms_state_s.c.o
[ 97%] Linking C shared library rosidl_generator_py/unitree_go/libunitree_go__rosidl_generator_py.so
[ 97%] Built target unitree_go__rosidl_generator_py
[ 99%] Building C object CMakeFiles/unitree_go__rosidl_typesupport_fastrtps_c__pyext.dir/rosidl_generator_py/unitree_go/_unitree_go_s.ep.rosidl_typesupport_fastrtps_c.c.o
[ 99%] Building C object CMakeFiles/unitree_go__rosidl_typesupport_introspection_c__pyext.dir/rosidl_generator_py/unitree_go/_unitree_go_s.ep.rosidl_typesupport_introspection_c.c.o
[ 99%] Linking C shared library rosidl_generator_py/unitree_go/unitree_go_s__rosidl_typesupport_fastrtps_c.cpython-310-x86_64-linux-gnu.so
[ 99%] Linking C shared library rosidl_generator_py/unitree_go/unitree_go_s__rosidl_typesupport_introspection_c.cpython-310-x86_64-linux-gnu.so
[ 99%] Built target unitree_go__rosidl_typesupport_fastrtps_c__pyext
[ 99%] Built target unitree_go__rosidl_typesupport_introspection_c__pyext
[100%] Building C object CMakeFiles/unitree_go__rosidl_typesupport_c__pyext.dir/rosidl_generator_py/unitree_go/_unitree_go_s.ep.rosidl_typesupport_c.c.o
[100%] Linking C shared library rosidl_generator_py/unitree_go/unitree_go_s__rosidl_typesupport_c.cpython-310-x86_64-linux-gnu.so
[100%] Built target unitree_go__rosidl_typesupport_c__pyext
-- Install configuration: ""
-- Execute custom install script
-- Symlinking: /home/lzbb/rk_inspection_ws/third_party/unitree_ros2/cyclonedds_ws/install/unitree_go/share/ament_index/resource_index/rosidl_interfaces/unitree_go
-- Symlinking: /home/lzbb/rk_inspection_ws/third_party/unitree_ros2/cyclonedds_ws/install/unitree_go/include/unitree_go/unitree_go/msg/audio_data.h
-- Symlinking: /home/lzbb/rk_inspection_ws/third_party/unitree_ros2/cyclonedds_ws/install/unitree_go/include/unitree_go/unitree_go/msg/bms_cmd.h
-- Symlinking: /home/lzbb/rk_inspection_ws/third_party/unitree_ros2/cyclonedds_ws/install/unitree_go/include/unitree_go/unitree_go/msg/bms_state.h
-- Symlinking: /home/lzbb/rk_inspection_ws/third_party/unitree_ros2/cyclonedds_ws/install/unitree_go/include/unitree_go/unitree_go/msg/detail/audio_data__functions.h
-- Symlinking: /home/lzbb/rk_inspection_ws/third_party/unitree_ros2/cyclonedds_ws/install/unitree_go/include/unitree_go/unitree_go/msg/detail/audio_data__struct.h
-- Symlinking: /home/lzbb/rk_inspection_ws/third_party/unitree_ros2/cyclonedds_ws/install/unitree_go/include/unitree_go/unitree_go/msg/detail/audio_data__type_support.h
-- Symlinking: /home/lzbb/rk_inspection_ws/third_party/unitree_ros2/cyclonedds_ws/install/unitree_go/include/unitree_go/unitree_go/msg/detail/bms_cmd__functions.h
-- Symlinking: /home/lzbb/rk_inspection_ws/third_party/unitree_ros2/cyclonedds_ws/install/unitree_go/include/unitree_go/unitree_go/msg/detail/bms_cmd__struct.h
-- Symlinking: /home/lzbb/rk_inspection_ws/third_party/unitree_ros2/cyclonedds_ws/install/unitree_go/include/unitree_go/unitree_go/msg/detail/bms_cmd__type_support.h
-- Symlinking: /home/lzbb/rk_inspection_ws/third_party/unitree_ros2/cyclonedds_ws/install/unitree_go/include/unitree_go/unitree_go/msg/detail/bms_state__functions.h
-- Symlinking: /home/lzbb/rk_inspection_ws/third_party/unitree_ros2/cyclonedds_ws/install/unitree_go/include/unitree_go/unitree_go/msg/detail/bms_state__struct.h
-- Symlinking: /home/lzbb/rk_inspection_ws/third_party/unitree_ros2/cyclonedds_ws/install/unitree_go/include/unitree_go/unitree_go/msg/detail/bms_state__type_support.h
-- Symlinking: /home/lzbb/rk_inspection_ws/third_party/unitree_ros2/cyclonedds_ws/install/unitree_go/include/unitree_go/unitree_go/msg/detail/error__functions.h
-- Symlinking: /home/lzbb/rk_inspection_ws/third_party/unitree_ros2/cyclonedds_ws/install/unitree_go/include/unitree_go/unitree_go/msg/detail/error__struct.h
-- Symlinking: /home/lzbb/rk_inspection_ws/third_party/unitree_ros2/cyclonedds_ws/install/unitree_go/include/unitree_go/unitree_go/msg/detail/error__type_support.h
-- Symlinking: /home/lzbb/rk_inspection_ws/third_party/unitree_ros2/cyclonedds_ws/install/unitree_go/include/unitree_go/unitree_go/msg/detail/go2_front_video_data__functions.h
-- Symlinking: /home/lzbb/rk_inspection_ws/third_party/unitree_ros2/cyclonedds_ws/install/unitree_go/include/unitree_go/unitree_go/msg/detail/go2_front_video_data__struct.h
-- Symlinking: /home/lzbb/rk_inspection_ws/third_party/unitree_ros2/cyclonedds_ws/install/unitree_go/include/unitree_go/unitree_go/msg/detail/go2_front_video_data__type_support.h
-- Symlinking: /home/lzbb/rk_inspection_ws/third_party/unitree_ros2/cyclonedds_ws/install/unitree_go/include/unitree_go/unitree_go/msg/detail/height_map__functions.h
-- Symlinking: /home/lzbb/rk_inspection_ws/third_party/unitree_ros2/cyclonedds_ws/install/unitree_go/include/unitree_go/unitree_go/msg/detail/height_map__struct.h
-- Symlinking: /home/lzbb/rk_inspection_ws/third_party/unitree_ros2/cyclonedds_ws/install/unitree_go/include/unitree_go/unitree_go/msg/detail/height_map__type_support.h
-- Symlinking: /home/lzbb/rk_inspection_ws/third_party/unitree_ros2/cyclonedds_ws/install/unitree_go/include/unitree_go/unitree_go/msg/detail/imu_state__functions.h
-- Symlinking: /home/lzbb/rk_inspection_ws/third_party/unitree_ros2/cyclonedds_ws/install/unitree_go/include/unitree_go/unitree_go/msg/detail/imu_state__struct.h
-- Symlinking: /home/lzbb/rk_inspection_ws/third_party/unitree_ros2/cyclonedds_ws/install/unitree_go/include/unitree_go/unitree_go/msg/detail/imu_state__type_support.h
-- Symlinking: /home/lzbb/rk_inspection_ws/third_party/unitree_ros2/cyclonedds_ws/install/unitree_go/include/unitree_go/unitree_go/msg/detail/interface_config__functions.h
-- Symlinking: /home/lzbb/rk_inspection_ws/third_party/unitree_ros2/cyclonedds_ws/install/unitree_go/include/unitree_go/unitree_go/msg/detail/interface_config__struct.h
-- Symlinking: /home/lzbb/rk_inspection_ws/third_party/unitree_ros2/cyclonedds_ws/install/unitree_go/include/unitree_go/unitree_go/msg/detail/interface_config__type_support.h
-- Symlinking: /home/lzbb/rk_inspection_ws/third_party/unitree_ros2/cyclonedds_ws/install/unitree_go/include/unitree_go/unitree_go/msg/detail/lidar_state__functions.h
-- Symlinking: /home/lzbb/rk_inspection_ws/third_party/unitree_ros2/cyclonedds_ws/install/unitree_go/include/unitree_go/unitree_go/msg/detail/lidar_state__struct.h
-- Symlinking: /home/lzbb/rk_inspection_ws/third_party/unitree_ros2/cyclonedds_ws/install/unitree_go/include/unitree_go/unitree_go/msg/detail/lidar_state__type_support.h
-- Symlinking: /home/lzbb/rk_inspection_ws/third_party/unitree_ros2/cyclonedds_ws/install/unitree_go/include/unitree_go/unitree_go/msg/detail/low_cmd__functions.h
-- Symlinking: /home/lzbb/rk_inspection_ws/third_party/unitree_ros2/cyclonedds_ws/install/unitree_go/include/unitree_go/unitree_go/msg/detail/low_cmd__struct.h
-- Symlinking: /home/lzbb/rk_inspection_ws/third_party/unitree_ros2/cyclonedds_ws/install/unitree_go/include/unitree_go/unitree_go/msg/detail/low_cmd__type_support.h
-- Symlinking: /home/lzbb/rk_inspection_ws/third_party/unitree_ros2/cyclonedds_ws/install/unitree_go/include/unitree_go/unitree_go/msg/detail/low_state__functions.h
-- Symlinking: /home/lzbb/rk_inspection_ws/third_party/unitree_ros2/cyclonedds_ws/install/unitree_go/include/unitree_go/unitree_go/msg/detail/low_state__struct.h
-- Symlinking: /home/lzbb/rk_inspection_ws/third_party/unitree_ros2/cyclonedds_ws/install/unitree_go/include/unitree_go/unitree_go/msg/detail/low_state__type_support.h
-- Symlinking: /home/lzbb/rk_inspection_ws/third_party/unitree_ros2/cyclonedds_ws/install/unitree_go/include/unitree_go/unitree_go/msg/detail/motor_cmd__functions.h
-- Symlinking: /home/lzbb/rk_inspection_ws/third_party/unitree_ros2/cyclonedds_ws/install/unitree_go/include/unitree_go/unitree_go/msg/detail/motor_cmd__struct.h
-- Symlinking: /home/lzbb/rk_inspection_ws/third_party/unitree_ros2/cyclonedds_ws/install/unitree_go/include/unitree_go/unitree_go/msg/detail/motor_cmd__type_support.h
-- Symlinking: /home/lzbb/rk_inspection_ws/third_party/unitree_ros2/cyclonedds_ws/install/unitree_go/include/unitree_go/unitree_go/msg/detail/motor_cmds__functions.h
-- Symlinking: /home/lzbb/rk_inspection_ws/third_party/unitree_ros2/cyclonedds_ws/install/unitree_go/include/unitree_go/unitree_go/msg/detail/motor_cmds__struct.h
-- Symlinking: /home/lzbb/rk_inspection_ws/third_party/unitree_ros2/cyclonedds_ws/install/unitree_go/include/unitree_go/unitree_go/msg/detail/motor_cmds__type_support.h
-- Symlinking: /home/lzbb/rk_inspection_ws/third_party/unitree_ros2/cyclonedds_ws/install/unitree_go/include/unitree_go/unitree_go/msg/detail/motor_state__functions.h
-- Symlinking: /home/lzbb/rk_inspection_ws/third_party/unitree_ros2/cyclonedds_ws/install/unitree_go/include/unitree_go/unitree_go/msg/detail/motor_state__struct.h
-- Symlinking: /home/lzbb/rk_inspection_ws/third_party/unitree_ros2/cyclonedds_ws/install/unitree_go/include/unitree_go/unitree_go/msg/detail/motor_state__type_support.h
-- Symlinking: /home/lzbb/rk_inspection_ws/third_party/unitree_ros2/cyclonedds_ws/install/unitree_go/include/unitree_go/unitree_go/msg/detail/motor_states__functions.h
-- Symlinking: /home/lzbb/rk_inspection_ws/third_party/unitree_ros2/cyclonedds_ws/install/unitree_go/include/unitree_go/unitree_go/msg/detail/motor_states__struct.h
-- Symlinking: /home/lzbb/rk_inspection_ws/third_party/unitree_ros2/cyclonedds_ws/install/unitree_go/include/unitree_go/unitree_go/msg/detail/motor_states__type_support.h
-- Symlinking: /home/lzbb/rk_inspection_ws/third_party/unitree_ros2/cyclonedds_ws/install/unitree_go/include/unitree_go/unitree_go/msg/detail/path_point__functions.h
-- Symlinking: /home/lzbb/rk_inspection_ws/third_party/unitree_ros2/cyclonedds_ws/install/unitree_go/include/unitree_go/unitree_go/msg/detail/path_point__struct.h
-- Symlinking: /home/lzbb/rk_inspection_ws/third_party/unitree_ros2/cyclonedds_ws/install/unitree_go/include/unitree_go/unitree_go/msg/detail/path_point__type_support.h
-- Symlinking: /home/lzbb/rk_inspection_ws/third_party/unitree_ros2/cyclonedds_ws/install/unitree_go/include/unitree_go/unitree_go/msg/detail/req__functions.h
-- Symlinking: /home/lzbb/rk_inspection_ws/third_party/unitree_ros2/cyclonedds_ws/install/unitree_go/include/unitree_go/unitree_go/msg/detail/req__struct.h
-- Symlinking: /home/lzbb/rk_inspection_ws/third_party/unitree_ros2/cyclonedds_ws/install/unitree_go/include/unitree_go/unitree_go/msg/detail/req__type_support.h
-- Symlinking: /home/lzbb/rk_inspection_ws/third_party/unitree_ros2/cyclonedds_ws/install/unitree_go/include/unitree_go/unitree_go/msg/detail/res__functions.h
-- Symlinking: /home/lzbb/rk_inspection_ws/third_party/unitree_ros2/cyclonedds_ws/install/unitree_go/include/unitree_go/unitree_go/msg/detail/res__struct.h
-- Symlinking: /home/lzbb/rk_inspection_ws/third_party/unitree_ros2/cyclonedds_ws/install/unitree_go/include/unitree_go/unitree_go/msg/detail/res__type_support.h
-- Symlinking: /home/lzbb/rk_inspection_ws/third_party/unitree_ros2/cyclonedds_ws/install/unitree_go/include/unitree_go/unitree_go/msg/detail/sport_mode_cmd__functions.h
-- Symlinking: /home/lzbb/rk_inspection_ws/third_party/unitree_ros2/cyclonedds_ws/install/unitree_go/include/unitree_go/unitree_go/msg/detail/sport_mode_cmd__struct.h
-- Symlinking: /home/lzbb/rk_inspection_ws/third_party/unitree_ros2/cyclonedds_ws/install/unitree_go/include/unitree_go/unitree_go/msg/detail/sport_mode_cmd__type_support.h
-- Symlinking: /home/lzbb/rk_inspection_ws/third_party/unitree_ros2/cyclonedds_ws/install/unitree_go/include/unitree_go/unitree_go/msg/detail/sport_mode_state__functions.h
-- Symlinking: /home/lzbb/rk_inspection_ws/third_party/unitree_ros2/cyclonedds_ws/install/unitree_go/include/unitree_go/unitree_go/msg/detail/sport_mode_state__struct.h
-- Symlinking: /home/lzbb/rk_inspection_ws/third_party/unitree_ros2/cyclonedds_ws/install/unitree_go/include/unitree_go/unitree_go/msg/detail/sport_mode_state__type_support.h
-- Symlinking: /home/lzbb/rk_inspection_ws/third_party/unitree_ros2/cyclonedds_ws/install/unitree_go/include/unitree_go/unitree_go/msg/detail/time_spec__functions.h
-- Symlinking: /home/lzbb/rk_inspection_ws/third_party/unitree_ros2/cyclonedds_ws/install/unitree_go/include/unitree_go/unitree_go/msg/detail/time_spec__struct.h
-- Symlinking: /home/lzbb/rk_inspection_ws/third_party/unitree_ros2/cyclonedds_ws/install/unitree_go/include/unitree_go/unitree_go/msg/detail/time_spec__type_support.h
-- Symlinking: /home/lzbb/rk_inspection_ws/third_party/unitree_ros2/cyclonedds_ws/install/unitree_go/include/unitree_go/unitree_go/msg/detail/uwb_state__functions.h
-- Symlinking: /home/lzbb/rk_inspection_ws/third_party/unitree_ros2/cyclonedds_ws/install/unitree_go/include/unitree_go/unitree_go/msg/detail/uwb_state__struct.h
-- Symlinking: /home/lzbb/rk_inspection_ws/third_party/unitree_ros2/cyclonedds_ws/install/unitree_go/include/unitree_go/unitree_go/msg/detail/uwb_state__type_support.h
-- Symlinking: /home/lzbb/rk_inspection_ws/third_party/unitree_ros2/cyclonedds_ws/install/unitree_go/include/unitree_go/unitree_go/msg/detail/uwb_switch__functions.h
-- Symlinking: /home/lzbb/rk_inspection_ws/third_party/unitree_ros2/cyclonedds_ws/install/unitree_go/include/unitree_go/unitree_go/msg/detail/uwb_switch__struct.h
-- Symlinking: /home/lzbb/rk_inspection_ws/third_party/unitree_ros2/cyclonedds_ws/install/unitree_go/include/unitree_go/unitree_go/msg/detail/uwb_switch__type_support.h
-- Symlinking: /home/lzbb/rk_inspection_ws/third_party/unitree_ros2/cyclonedds_ws/install/unitree_go/include/unitree_go/unitree_go/msg/detail/wireless_controller__functions.h
-- Symlinking: /home/lzbb/rk_inspection_ws/third_party/unitree_ros2/cyclonedds_ws/install/unitree_go/include/unitree_go/unitree_go/msg/detail/wireless_controller__struct.h
-- Symlinking: /home/lzbb/rk_inspection_ws/third_party/unitree_ros2/cyclonedds_ws/install/unitree_go/include/unitree_go/unitree_go/msg/detail/wireless_controller__type_support.h
-- Symlinking: /home/lzbb/rk_inspection_ws/third_party/unitree_ros2/cyclonedds_ws/install/unitree_go/include/unitree_go/unitree_go/msg/error.h
-- Symlinking: /home/lzbb/rk_inspection_ws/third_party/unitree_ros2/cyclonedds_ws/install/unitree_go/include/unitree_go/unitree_go/msg/go2_front_video_data.h
-- Symlinking: /home/lzbb/rk_inspection_ws/third_party/unitree_ros2/cyclonedds_ws/install/unitree_go/include/unitree_go/unitree_go/msg/height_map.h
-- Symlinking: /home/lzbb/rk_inspection_ws/third_party/unitree_ros2/cyclonedds_ws/install/unitree_go/include/unitree_go/unitree_go/msg/imu_state.h
-- Symlinking: /home/lzbb/rk_inspection_ws/third_party/unitree_ros2/cyclonedds_ws/install/unitree_go/include/unitree_go/unitree_go/msg/interface_config.h
-- Symlinking: /home/lzbb/rk_inspection_ws/third_party/unitree_ros2/cyclonedds_ws/install/unitree_go/include/unitree_go/unitree_go/msg/lidar_state.h
-- Symlinking: /home/lzbb/rk_inspection_ws/third_party/unitree_ros2/cyclonedds_ws/install/unitree_go/include/unitree_go/unitree_go/msg/low_cmd.h
-- Symlinking: /home/lzbb/rk_inspection_ws/third_party/unitree_ros2/cyclonedds_ws/install/unitree_go/include/unitree_go/unitree_go/msg/low_state.h
-- Symlinking: /home/lzbb/rk_inspection_ws/third_party/unitree_ros2/cyclonedds_ws/install/unitree_go/include/unitree_go/unitree_go/msg/motor_cmd.h
-- Symlinking: /home/lzbb/rk_inspection_ws/third_party/unitree_ros2/cyclonedds_ws/install/unitree_go/include/unitree_go/unitree_go/msg/motor_cmds.h
-- Symlinking: /home/lzbb/rk_inspection_ws/third_party/unitree_ros2/cyclonedds_ws/install/unitree_go/include/unitree_go/unitree_go/msg/motor_state.h
-- Symlinking: /home/lzbb/rk_inspection_ws/third_party/unitree_ros2/cyclonedds_ws/install/unitree_go/include/unitree_go/unitree_go/msg/motor_states.h
-- Symlinking: /home/lzbb/rk_inspection_ws/third_party/unitree_ros2/cyclonedds_ws/install/unitree_go/include/unitree_go/unitree_go/msg/path_point.h
-- Symlinking: /home/lzbb/rk_inspection_ws/third_party/unitree_ros2/cyclonedds_ws/install/unitree_go/include/unitree_go/unitree_go/msg/req.h
-- Symlinking: /home/lzbb/rk_inspection_ws/third_party/unitree_ros2/cyclonedds_ws/install/unitree_go/include/unitree_go/unitree_go/msg/res.h
-- Symlinking: /home/lzbb/rk_inspection_ws/third_party/unitree_ros2/cyclonedds_ws/install/unitree_go/include/unitree_go/unitree_go/msg/rosidl_generator_c__visibility_control.h
-- Symlinking: /home/lzbb/rk_inspection_ws/third_party/unitree_ros2/cyclonedds_ws/install/unitree_go/include/unitree_go/unitree_go/msg/sport_mode_cmd.h
-- Symlinking: /home/lzbb/rk_inspection_ws/third_party/unitree_ros2/cyclonedds_ws/install/unitree_go/include/unitree_go/unitree_go/msg/sport_mode_state.h
-- Symlinking: /home/lzbb/rk_inspection_ws/third_party/unitree_ros2/cyclonedds_ws/install/unitree_go/include/unitree_go/unitree_go/msg/time_spec.h
-- Symlinking: /home/lzbb/rk_inspection_ws/third_party/unitree_ros2/cyclonedds_ws/install/unitree_go/include/unitree_go/unitree_go/msg/uwb_state.h
-- Symlinking: /home/lzbb/rk_inspection_ws/third_party/unitree_ros2/cyclonedds_ws/install/unitree_go/include/unitree_go/unitree_go/msg/uwb_switch.h
-- Symlinking: /home/lzbb/rk_inspection_ws/third_party/unitree_ros2/cyclonedds_ws/install/unitree_go/include/unitree_go/unitree_go/msg/wireless_controller.h
-- Symlinking: /home/lzbb/rk_inspection_ws/third_party/unitree_ros2/cyclonedds_ws/install/unitree_go/share/unitree_go/environment/library_path.sh
-- Symlinking: /home/lzbb/rk_inspection_ws/third_party/unitree_ros2/cyclonedds_ws/install/unitree_go/share/unitree_go/environment/library_path.dsv
-- Symlinking: /home/lzbb/rk_inspection_ws/third_party/unitree_ros2/cyclonedds_ws/install/unitree_go/include/unitree_go/unitree_go/msg/detail/audio_data__rosidl_typesupport_fastrtps_c.h
-- Symlinking: /home/lzbb/rk_inspection_ws/third_party/unitree_ros2/cyclonedds_ws/install/unitree_go/include/unitree_go/unitree_go/msg/detail/bms_cmd__rosidl_typesupport_fastrtps_c.h
-- Symlinking: /home/lzbb/rk_inspection_ws/third_party/unitree_ros2/cyclonedds_ws/install/unitree_go/include/unitree_go/unitree_go/msg/detail/bms_state__rosidl_typesupport_fastrtps_c.h
-- Symlinking: /home/lzbb/rk_inspection_ws/third_party/unitree_ros2/cyclonedds_ws/install/unitree_go/include/unitree_go/unitree_go/msg/detail/error__rosidl_typesupport_fastrtps_c.h
-- Symlinking: /home/lzbb/rk_inspection_ws/third_party/unitree_ros2/cyclonedds_ws/install/unitree_go/include/unitree_go/unitree_go/msg/detail/go2_front_video_data__rosidl_typesupport_fastrtps_c.h
-- Symlinking: /home/lzbb/rk_inspection_ws/third_party/unitree_ros2/cyclonedds_ws/install/unitree_go/include/unitree_go/unitree_go/msg/detail/height_map__rosidl_typesupport_fastrtps_c.h
-- Symlinking: /home/lzbb/rk_inspection_ws/third_party/unitree_ros2/cyclonedds_ws/install/unitree_go/include/unitree_go/unitree_go/msg/detail/imu_state__rosidl_typesupport_fastrtps_c.h
-- Symlinking: /home/lzbb/rk_inspection_ws/third_party/unitree_ros2/cyclonedds_ws/install/unitree_go/include/unitree_go/unitree_go/msg/detail/interface_config__rosidl_typesupport_fastrtps_c.h
-- Symlinking: /home/lzbb/rk_inspection_ws/third_party/unitree_ros2/cyclonedds_ws/install/unitree_go/include/unitree_go/unitree_go/msg/detail/lidar_state__rosidl_typesupport_fastrtps_c.h
-- Symlinking: /home/lzbb/rk_inspection_ws/third_party/unitree_ros2/cyclonedds_ws/install/unitree_go/include/unitree_go/unitree_go/msg/detail/low_cmd__rosidl_typesupport_fastrtps_c.h
-- Symlinking: /home/lzbb/rk_inspection_ws/third_party/unitree_ros2/cyclonedds_ws/install/unitree_go/include/unitree_go/unitree_go/msg/detail/low_state__rosidl_typesupport_fastrtps_c.h
-- Symlinking: /home/lzbb/rk_inspection_ws/third_party/unitree_ros2/cyclonedds_ws/install/unitree_go/include/unitree_go/unitree_go/msg/detail/motor_cmd__rosidl_typesupport_fastrtps_c.h
-- Symlinking: /home/lzbb/rk_inspection_ws/third_party/unitree_ros2/cyclonedds_ws/install/unitree_go/include/unitree_go/unitree_go/msg/detail/motor_cmds__rosidl_typesupport_fastrtps_c.h
-- Symlinking: /home/lzbb/rk_inspection_ws/third_party/unitree_ros2/cyclonedds_ws/install/unitree_go/include/unitree_go/unitree_go/msg/detail/motor_state__rosidl_typesupport_fastrtps_c.h
-- Symlinking: /home/lzbb/rk_inspection_ws/third_party/unitree_ros2/cyclonedds_ws/install/unitree_go/include/unitree_go/unitree_go/msg/detail/motor_states__rosidl_typesupport_fastrtps_c.h
-- Symlinking: /home/lzbb/rk_inspection_ws/third_party/unitree_ros2/cyclonedds_ws/install/unitree_go/include/unitree_go/unitree_go/msg/detail/path_point__rosidl_typesupport_fastrtps_c.h
-- Symlinking: /home/lzbb/rk_inspection_ws/third_party/unitree_ros2/cyclonedds_ws/install/unitree_go/include/unitree_go/unitree_go/msg/detail/req__rosidl_typesupport_fastrtps_c.h
-- Symlinking: /home/lzbb/rk_inspection_ws/third_party/unitree_ros2/cyclonedds_ws/install/unitree_go/include/unitree_go/unitree_go/msg/detail/res__rosidl_typesupport_fastrtps_c.h
-- Symlinking: /home/lzbb/rk_inspection_ws/third_party/unitree_ros2/cyclonedds_ws/install/unitree_go/include/unitree_go/unitree_go/msg/detail/sport_mode_cmd__rosidl_typesupport_fastrtps_c.h
-- Symlinking: /home/lzbb/rk_inspection_ws/third_party/unitree_ros2/cyclonedds_ws/install/unitree_go/include/unitree_go/unitree_go/msg/detail/sport_mode_state__rosidl_typesupport_fastrtps_c.h
-- Symlinking: /home/lzbb/rk_inspection_ws/third_party/unitree_ros2/cyclonedds_ws/install/unitree_go/include/unitree_go/unitree_go/msg/detail/time_spec__rosidl_typesupport_fastrtps_c.h
-- Symlinking: /home/lzbb/rk_inspection_ws/third_party/unitree_ros2/cyclonedds_ws/install/unitree_go/include/unitree_go/unitree_go/msg/detail/uwb_state__rosidl_typesupport_fastrtps_c.h
-- Symlinking: /home/lzbb/rk_inspection_ws/third_party/unitree_ros2/cyclonedds_ws/install/unitree_go/include/unitree_go/unitree_go/msg/detail/uwb_switch__rosidl_typesupport_fastrtps_c.h
-- Symlinking: /home/lzbb/rk_inspection_ws/third_party/unitree_ros2/cyclonedds_ws/install/unitree_go/include/unitree_go/unitree_go/msg/detail/wireless_controller__rosidl_typesupport_fastrtps_c.h
-- Symlinking: /home/lzbb/rk_inspection_ws/third_party/unitree_ros2/cyclonedds_ws/install/unitree_go/include/unitree_go/unitree_go/msg/rosidl_typesupport_fastrtps_c__visibility_control.h
-- Symlinking: /home/lzbb/rk_inspection_ws/third_party/unitree_ros2/cyclonedds_ws/install/unitree_go/include/unitree_go/unitree_go/msg/audio_data.hpp
-- Symlinking: /home/lzbb/rk_inspection_ws/third_party/unitree_ros2/cyclonedds_ws/install/unitree_go/include/unitree_go/unitree_go/msg/bms_cmd.hpp
-- Symlinking: /home/lzbb/rk_inspection_ws/third_party/unitree_ros2/cyclonedds_ws/install/unitree_go/include/unitree_go/unitree_go/msg/bms_state.hpp
-- Symlinking: /home/lzbb/rk_inspection_ws/third_party/unitree_ros2/cyclonedds_ws/install/unitree_go/include/unitree_go/unitree_go/msg/detail/audio_data__builder.hpp
-- Symlinking: /home/lzbb/rk_inspection_ws/third_party/unitree_ros2/cyclonedds_ws/install/unitree_go/include/unitree_go/unitree_go/msg/detail/audio_data__struct.hpp
-- Symlinking: /home/lzbb/rk_inspection_ws/third_party/unitree_ros2/cyclonedds_ws/install/unitree_go/include/unitree_go/unitree_go/msg/detail/audio_data__traits.hpp
-- Symlinking: /home/lzbb/rk_inspection_ws/third_party/unitree_ros2/cyclonedds_ws/install/unitree_go/include/unitree_go/unitree_go/msg/detail/audio_data__type_support.hpp
-- Symlinking: /home/lzbb/rk_inspection_ws/third_party/unitree_ros2/cyclonedds_ws/install/unitree_go/include/unitree_go/unitree_go/msg/detail/bms_cmd__builder.hpp
-- Symlinking: /home/lzbb/rk_inspection_ws/third_party/unitree_ros2/cyclonedds_ws/install/unitree_go/include/unitree_go/unitree_go/msg/detail/bms_cmd__struct.hpp
-- Symlinking: /home/lzbb/rk_inspection_ws/third_party/unitree_ros2/cyclonedds_ws/install/unitree_go/include/unitree_go/unitree_go/msg/detail/bms_cmd__traits.hpp
-- Symlinking: /home/lzbb/rk_inspection_ws/third_party/unitree_ros2/cyclonedds_ws/install/unitree_go/include/unitree_go/unitree_go/msg/detail/bms_cmd__type_support.hpp
-- Symlinking: /home/lzbb/rk_inspection_ws/third_party/unitree_ros2/cyclonedds_ws/install/unitree_go/include/unitree_go/unitree_go/msg/detail/bms_state__builder.hpp
-- Symlinking: /home/lzbb/rk_inspection_ws/third_party/unitree_ros2/cyclonedds_ws/install/unitree_go/include/unitree_go/unitree_go/msg/detail/bms_state__struct.hpp
-- Symlinking: /home/lzbb/rk_inspection_ws/third_party/unitree_ros2/cyclonedds_ws/install/unitree_go/include/unitree_go/unitree_go/msg/detail/bms_state__traits.hpp
-- Symlinking: /home/lzbb/rk_inspection_ws/third_party/unitree_ros2/cyclonedds_ws/install/unitree_go/include/unitree_go/unitree_go/msg/detail/bms_state__type_support.hpp
-- Symlinking: /home/lzbb/rk_inspection_ws/third_party/unitree_ros2/cyclonedds_ws/install/unitree_go/include/unitree_go/unitree_go/msg/detail/error__builder.hpp
-- Symlinking: /home/lzbb/rk_inspection_ws/third_party/unitree_ros2/cyclonedds_ws/install/unitree_go/include/unitree_go/unitree_go/msg/detail/error__struct.hpp
-- Symlinking: /home/lzbb/rk_inspection_ws/third_party/unitree_ros2/cyclonedds_ws/install/unitree_go/include/unitree_go/unitree_go/msg/detail/error__traits.hpp
-- Symlinking: /home/lzbb/rk_inspection_ws/third_party/unitree_ros2/cyclonedds_ws/install/unitree_go/include/unitree_go/unitree_go/msg/detail/error__type_support.hpp
-- Symlinking: /home/lzbb/rk_inspection_ws/third_party/unitree_ros2/cyclonedds_ws/install/unitree_go/include/unitree_go/unitree_go/msg/detail/go2_front_video_data__builder.hpp
-- Symlinking: /home/lzbb/rk_inspection_ws/third_party/unitree_ros2/cyclonedds_ws/install/unitree_go/include/unitree_go/unitree_go/msg/detail/go2_front_video_data__struct.hpp
-- Symlinking: /home/lzbb/rk_inspection_ws/third_party/unitree_ros2/cyclonedds_ws/install/unitree_go/include/unitree_go/unitree_go/msg/detail/go2_front_video_data__traits.hpp
-- Symlinking: /home/lzbb/rk_inspection_ws/third_party/unitree_ros2/cyclonedds_ws/install/unitree_go/include/unitree_go/unitree_go/msg/detail/go2_front_video_data__type_support.hpp
-- Symlinking: /home/lzbb/rk_inspection_ws/third_party/unitree_ros2/cyclonedds_ws/install/unitree_go/include/unitree_go/unitree_go/msg/detail/height_map__builder.hpp
-- Symlinking: /home/lzbb/rk_inspection_ws/third_party/unitree_ros2/cyclonedds_ws/install/unitree_go/include/unitree_go/unitree_go/msg/detail/height_map__struct.hpp
-- Symlinking: /home/lzbb/rk_inspection_ws/third_party/unitree_ros2/cyclonedds_ws/install/unitree_go/include/unitree_go/unitree_go/msg/detail/height_map__traits.hpp
-- Symlinking: /home/lzbb/rk_inspection_ws/third_party/unitree_ros2/cyclonedds_ws/install/unitree_go/include/unitree_go/unitree_go/msg/detail/height_map__type_support.hpp
-- Symlinking: /home/lzbb/rk_inspection_ws/third_party/unitree_ros2/cyclonedds_ws/install/unitree_go/include/unitree_go/unitree_go/msg/detail/imu_state__builder.hpp
-- Symlinking: /home/lzbb/rk_inspection_ws/third_party/unitree_ros2/cyclonedds_ws/install/unitree_go/include/unitree_go/unitree_go/msg/detail/imu_state__struct.hpp
-- Symlinking: /home/lzbb/rk_inspection_ws/third_party/unitree_ros2/cyclonedds_ws/install/unitree_go/include/unitree_go/unitree_go/msg/detail/imu_state__traits.hpp
-- Symlinking: /home/lzbb/rk_inspection_ws/third_party/unitree_ros2/cyclonedds_ws/install/unitree_go/include/unitree_go/unitree_go/msg/detail/imu_state__type_support.hpp
-- Symlinking: /home/lzbb/rk_inspection_ws/third_party/unitree_ros2/cyclonedds_ws/install/unitree_go/include/unitree_go/unitree_go/msg/detail/interface_config__builder.hpp
-- Symlinking: /home/lzbb/rk_inspection_ws/third_party/unitree_ros2/cyclonedds_ws/install/unitree_go/include/unitree_go/unitree_go/msg/detail/interface_config__struct.hpp
-- Symlinking: /home/lzbb/rk_inspection_ws/third_party/unitree_ros2/cyclonedds_ws/install/unitree_go/include/unitree_go/unitree_go/msg/detail/interface_config__traits.hpp
-- Symlinking: /home/lzbb/rk_inspection_ws/third_party/unitree_ros2/cyclonedds_ws/install/unitree_go/include/unitree_go/unitree_go/msg/detail/interface_config__type_support.hpp
-- Symlinking: /home/lzbb/rk_inspection_ws/third_party/unitree_ros2/cyclonedds_ws/install/unitree_go/include/unitree_go/unitree_go/msg/detail/lidar_state__builder.hpp
-- Symlinking: /home/lzbb/rk_inspection_ws/third_party/unitree_ros2/cyclonedds_ws/install/unitree_go/include/unitree_go/unitree_go/msg/detail/lidar_state__struct.hpp
-- Symlinking: /home/lzbb/rk_inspection_ws/third_party/unitree_ros2/cyclonedds_ws/install/unitree_go/include/unitree_go/unitree_go/msg/detail/lidar_state__traits.hpp
-- Symlinking: /home/lzbb/rk_inspection_ws/third_party/unitree_ros2/cyclonedds_ws/install/unitree_go/include/unitree_go/unitree_go/msg/detail/lidar_state__type_support.hpp
-- Symlinking: /home/lzbb/rk_inspection_ws/third_party/unitree_ros2/cyclonedds_ws/install/unitree_go/include/unitree_go/unitree_go/msg/detail/low_cmd__builder.hpp
-- Symlinking: /home/lzbb/rk_inspection_ws/third_party/unitree_ros2/cyclonedds_ws/install/unitree_go/include/unitree_go/unitree_go/msg/detail/low_cmd__struct.hpp
-- Symlinking: /home/lzbb/rk_inspection_ws/third_party/unitree_ros2/cyclonedds_ws/install/unitree_go/include/unitree_go/unitree_go/msg/detail/low_cmd__traits.hpp
-- Symlinking: /home/lzbb/rk_inspection_ws/third_party/unitree_ros2/cyclonedds_ws/install/unitree_go/include/unitree_go/unitree_go/msg/detail/low_cmd__type_support.hpp
-- Symlinking: /home/lzbb/rk_inspection_ws/third_party/unitree_ros2/cyclonedds_ws/install/unitree_go/include/unitree_go/unitree_go/msg/detail/low_state__builder.hpp
-- Symlinking: /home/lzbb/rk_inspection_ws/third_party/unitree_ros2/cyclonedds_ws/install/unitree_go/include/unitree_go/unitree_go/msg/detail/low_state__struct.hpp
-- Symlinking: /home/lzbb/rk_inspection_ws/third_party/unitree_ros2/cyclonedds_ws/install/unitree_go/include/unitree_go/unitree_go/msg/detail/low_state__traits.hpp
-- Symlinking: /home/lzbb/rk_inspection_ws/third_party/unitree_ros2/cyclonedds_ws/install/unitree_go/include/unitree_go/unitree_go/msg/detail/low_state__type_support.hpp
-- Symlinking: /home/lzbb/rk_inspection_ws/third_party/unitree_ros2/cyclonedds_ws/install/unitree_go/include/unitree_go/unitree_go/msg/detail/motor_cmd__builder.hpp
-- Symlinking: /home/lzbb/rk_inspection_ws/third_party/unitree_ros2/cyclonedds_ws/install/unitree_go/include/unitree_go/unitree_go/msg/detail/motor_cmd__struct.hpp
-- Symlinking: /home/lzbb/rk_inspection_ws/third_party/unitree_ros2/cyclonedds_ws/install/unitree_go/include/unitree_go/unitree_go/msg/detail/motor_cmd__traits.hpp
-- Symlinking: /home/lzbb/rk_inspection_ws/third_party/unitree_ros2/cyclonedds_ws/install/unitree_go/include/unitree_go/unitree_go/msg/detail/motor_cmd__type_support.hpp
-- Symlinking: /home/lzbb/rk_inspection_ws/third_party/unitree_ros2/cyclonedds_ws/install/unitree_go/include/unitree_go/unitree_go/msg/detail/motor_cmds__builder.hpp
-- Symlinking: /home/lzbb/rk_inspection_ws/third_party/unitree_ros2/cyclonedds_ws/install/unitree_go/include/unitree_go/unitree_go/msg/detail/motor_cmds__struct.hpp
-- Symlinking: /home/lzbb/rk_inspection_ws/third_party/unitree_ros2/cyclonedds_ws/install/unitree_go/include/unitree_go/unitree_go/msg/detail/motor_cmds__traits.hpp
-- Symlinking: /home/lzbb/rk_inspection_ws/third_party/unitree_ros2/cyclonedds_ws/install/unitree_go/include/unitree_go/unitree_go/msg/detail/motor_cmds__type_support.hpp
-- Symlinking: /home/lzbb/rk_inspection_ws/third_party/unitree_ros2/cyclonedds_ws/install/unitree_go/include/unitree_go/unitree_go/msg/detail/motor_state__builder.hpp
-- Symlinking: /home/lzbb/rk_inspection_ws/third_party/unitree_ros2/cyclonedds_ws/install/unitree_go/include/unitree_go/unitree_go/msg/detail/motor_state__struct.hpp
-- Symlinking: /home/lzbb/rk_inspection_ws/third_party/unitree_ros2/cyclonedds_ws/install/unitree_go/include/unitree_go/unitree_go/msg/detail/motor_state__traits.hpp
-- Symlinking: /home/lzbb/rk_inspection_ws/third_party/unitree_ros2/cyclonedds_ws/install/unitree_go/include/unitree_go/unitree_go/msg/detail/motor_state__type_support.hpp
-- Symlinking: /home/lzbb/rk_inspection_ws/third_party/unitree_ros2/cyclonedds_ws/install/unitree_go/include/unitree_go/unitree_go/msg/detail/motor_states__builder.hpp
-- Symlinking: /home/lzbb/rk_inspection_ws/third_party/unitree_ros2/cyclonedds_ws/install/unitree_go/include/unitree_go/unitree_go/msg/detail/motor_states__struct.hpp
-- Symlinking: /home/lzbb/rk_inspection_ws/third_party/unitree_ros2/cyclonedds_ws/install/unitree_go/include/unitree_go/unitree_go/msg/detail/motor_states__traits.hpp
-- Symlinking: /home/lzbb/rk_inspection_ws/third_party/unitree_ros2/cyclonedds_ws/install/unitree_go/include/unitree_go/unitree_go/msg/detail/motor_states__type_support.hpp
-- Symlinking: /home/lzbb/rk_inspection_ws/third_party/unitree_ros2/cyclonedds_ws/install/unitree_go/include/unitree_go/unitree_go/msg/detail/path_point__builder.hpp
-- Symlinking: /home/lzbb/rk_inspection_ws/third_party/unitree_ros2/cyclonedds_ws/install/unitree_go/include/unitree_go/unitree_go/msg/detail/path_point__struct.hpp
-- Symlinking: /home/lzbb/rk_inspection_ws/third_party/unitree_ros2/cyclonedds_ws/install/unitree_go/include/unitree_go/unitree_go/msg/detail/path_point__traits.hpp
-- Symlinking: /home/lzbb/rk_inspection_ws/third_party/unitree_ros2/cyclonedds_ws/install/unitree_go/include/unitree_go/unitree_go/msg/detail/path_point__type_support.hpp
-- Symlinking: /home/lzbb/rk_inspection_ws/third_party/unitree_ros2/cyclonedds_ws/install/unitree_go/include/unitree_go/unitree_go/msg/detail/req__builder.hpp
-- Symlinking: /home/lzbb/rk_inspection_ws/third_party/unitree_ros2/cyclonedds_ws/install/unitree_go/include/unitree_go/unitree_go/msg/detail/req__struct.hpp
-- Symlinking: /home/lzbb/rk_inspection_ws/third_party/unitree_ros2/cyclonedds_ws/install/unitree_go/include/unitree_go/unitree_go/msg/detail/req__traits.hpp
-- Symlinking: /home/lzbb/rk_inspection_ws/third_party/unitree_ros2/cyclonedds_ws/install/unitree_go/include/unitree_go/unitree_go/msg/detail/req__type_support.hpp
-- Symlinking: /home/lzbb/rk_inspection_ws/third_party/unitree_ros2/cyclonedds_ws/install/unitree_go/include/unitree_go/unitree_go/msg/detail/res__builder.hpp
-- Symlinking: /home/lzbb/rk_inspection_ws/third_party/unitree_ros2/cyclonedds_ws/install/unitree_go/include/unitree_go/unitree_go/msg/detail/res__struct.hpp
-- Symlinking: /home/lzbb/rk_inspection_ws/third_party/unitree_ros2/cyclonedds_ws/install/unitree_go/include/unitree_go/unitree_go/msg/detail/res__traits.hpp
-- Symlinking: /home/lzbb/rk_inspection_ws/third_party/unitree_ros2/cyclonedds_ws/install/unitree_go/include/unitree_go/unitree_go/msg/detail/res__type_support.hpp
-- Symlinking: /home/lzbb/rk_inspection_ws/third_party/unitree_ros2/cyclonedds_ws/install/unitree_go/include/unitree_go/unitree_go/msg/detail/sport_mode_cmd__builder.hpp
-- Symlinking: /home/lzbb/rk_inspection_ws/third_party/unitree_ros2/cyclonedds_ws/install/unitree_go/include/unitree_go/unitree_go/msg/detail/sport_mode_cmd__struct.hpp
-- Symlinking: /home/lzbb/rk_inspection_ws/third_party/unitree_ros2/cyclonedds_ws/install/unitree_go/include/unitree_go/unitree_go/msg/detail/sport_mode_cmd__traits.hpp
-- Symlinking: /home/lzbb/rk_inspection_ws/third_party/unitree_ros2/cyclonedds_ws/install/unitree_go/include/unitree_go/unitree_go/msg/detail/sport_mode_cmd__type_support.hpp
-- Symlinking: /home/lzbb/rk_inspection_ws/third_party/unitree_ros2/cyclonedds_ws/install/unitree_go/include/unitree_go/unitree_go/msg/detail/sport_mode_state__builder.hpp
-- Symlinking: /home/lzbb/rk_inspection_ws/third_party/unitree_ros2/cyclonedds_ws/install/unitree_go/include/unitree_go/unitree_go/msg/detail/sport_mode_state__struct.hpp
-- Symlinking: /home/lzbb/rk_inspection_ws/third_party/unitree_ros2/cyclonedds_ws/install/unitree_go/include/unitree_go/unitree_go/msg/detail/sport_mode_state__traits.hpp
-- Symlinking: /home/lzbb/rk_inspection_ws/third_party/unitree_ros2/cyclonedds_ws/install/unitree_go/include/unitree_go/unitree_go/msg/detail/sport_mode_state__type_support.hpp
-- Symlinking: /home/lzbb/rk_inspection_ws/third_party/unitree_ros2/cyclonedds_ws/install/unitree_go/include/unitree_go/unitree_go/msg/detail/time_spec__builder.hpp
-- Symlinking: /home/lzbb/rk_inspection_ws/third_party/unitree_ros2/cyclonedds_ws/install/unitree_go/include/unitree_go/unitree_go/msg/detail/time_spec__struct.hpp
-- Symlinking: /home/lzbb/rk_inspection_ws/third_party/unitree_ros2/cyclonedds_ws/install/unitree_go/include/unitree_go/unitree_go/msg/detail/time_spec__traits.hpp
-- Symlinking: /home/lzbb/rk_inspection_ws/third_party/unitree_ros2/cyclonedds_ws/install/unitree_go/include/unitree_go/unitree_go/msg/detail/time_spec__type_support.hpp
-- Symlinking: /home/lzbb/rk_inspection_ws/third_party/unitree_ros2/cyclonedds_ws/install/unitree_go/include/unitree_go/unitree_go/msg/detail/uwb_state__builder.hpp
-- Symlinking: /home/lzbb/rk_inspection_ws/third_party/unitree_ros2/cyclonedds_ws/install/unitree_go/include/unitree_go/unitree_go/msg/detail/uwb_state__struct.hpp
-- Symlinking: /home/lzbb/rk_inspection_ws/third_party/unitree_ros2/cyclonedds_ws/install/unitree_go/include/unitree_go/unitree_go/msg/detail/uwb_state__traits.hpp
-- Symlinking: /home/lzbb/rk_inspection_ws/third_party/unitree_ros2/cyclonedds_ws/install/unitree_go/include/unitree_go/unitree_go/msg/detail/uwb_state__type_support.hpp
-- Symlinking: /home/lzbb/rk_inspection_ws/third_party/unitree_ros2/cyclonedds_ws/install/unitree_go/include/unitree_go/unitree_go/msg/detail/uwb_switch__builder.hpp
-- Symlinking: /home/lzbb/rk_inspection_ws/third_party/unitree_ros2/cyclonedds_ws/install/unitree_go/include/unitree_go/unitree_go/msg/detail/uwb_switch__struct.hpp
-- Symlinking: /home/lzbb/rk_inspection_ws/third_party/unitree_ros2/cyclonedds_ws/install/unitree_go/include/unitree_go/unitree_go/msg/detail/uwb_switch__traits.hpp
-- Symlinking: /home/lzbb/rk_inspection_ws/third_party/unitree_ros2/cyclonedds_ws/install/unitree_go/include/unitree_go/unitree_go/msg/detail/uwb_switch__type_support.hpp
-- Symlinking: /home/lzbb/rk_inspection_ws/third_party/unitree_ros2/cyclonedds_ws/install/unitree_go/include/unitree_go/unitree_go/msg/detail/wireless_controller__builder.hpp
-- Symlinking: /home/lzbb/rk_inspection_ws/third_party/unitree_ros2/cyclonedds_ws/install/unitree_go/include/unitree_go/unitree_go/msg/detail/wireless_controller__struct.hpp
-- Symlinking: /home/lzbb/rk_inspection_ws/third_party/unitree_ros2/cyclonedds_ws/install/unitree_go/include/unitree_go/unitree_go/msg/detail/wireless_controller__traits.hpp
-- Symlinking: /home/lzbb/rk_inspection_ws/third_party/unitree_ros2/cyclonedds_ws/install/unitree_go/include/unitree_go/unitree_go/msg/detail/wireless_controller__type_support.hpp
-- Symlinking: /home/lzbb/rk_inspection_ws/third_party/unitree_ros2/cyclonedds_ws/install/unitree_go/include/unitree_go/unitree_go/msg/error.hpp
-- Symlinking: /home/lzbb/rk_inspection_ws/third_party/unitree_ros2/cyclonedds_ws/install/unitree_go/include/unitree_go/unitree_go/msg/go2_front_video_data.hpp
-- Symlinking: /home/lzbb/rk_inspection_ws/third_party/unitree_ros2/cyclonedds_ws/install/unitree_go/include/unitree_go/unitree_go/msg/height_map.hpp
-- Symlinking: /home/lzbb/rk_inspection_ws/third_party/unitree_ros2/cyclonedds_ws/install/unitree_go/include/unitree_go/unitree_go/msg/imu_state.hpp
-- Symlinking: /home/lzbb/rk_inspection_ws/third_party/unitree_ros2/cyclonedds_ws/install/unitree_go/include/unitree_go/unitree_go/msg/interface_config.hpp
-- Symlinking: /home/lzbb/rk_inspection_ws/third_party/unitree_ros2/cyclonedds_ws/install/unitree_go/include/unitree_go/unitree_go/msg/lidar_state.hpp
-- Symlinking: /home/lzbb/rk_inspection_ws/third_party/unitree_ros2/cyclonedds_ws/install/unitree_go/include/unitree_go/unitree_go/msg/low_cmd.hpp
-- Symlinking: /home/lzbb/rk_inspection_ws/third_party/unitree_ros2/cyclonedds_ws/install/unitree_go/include/unitree_go/unitree_go/msg/low_state.hpp
-- Symlinking: /home/lzbb/rk_inspection_ws/third_party/unitree_ros2/cyclonedds_ws/install/unitree_go/include/unitree_go/unitree_go/msg/motor_cmd.hpp
-- Symlinking: /home/lzbb/rk_inspection_ws/third_party/unitree_ros2/cyclonedds_ws/install/unitree_go/include/unitree_go/unitree_go/msg/motor_cmds.hpp
-- Symlinking: /home/lzbb/rk_inspection_ws/third_party/unitree_ros2/cyclonedds_ws/install/unitree_go/include/unitree_go/unitree_go/msg/motor_state.hpp
-- Symlinking: /home/lzbb/rk_inspection_ws/third_party/unitree_ros2/cyclonedds_ws/install/unitree_go/include/unitree_go/unitree_go/msg/motor_states.hpp
-- Symlinking: /home/lzbb/rk_inspection_ws/third_party/unitree_ros2/cyclonedds_ws/install/unitree_go/include/unitree_go/unitree_go/msg/path_point.hpp
-- Symlinking: /home/lzbb/rk_inspection_ws/third_party/unitree_ros2/cyclonedds_ws/install/unitree_go/include/unitree_go/unitree_go/msg/req.hpp
-- Symlinking: /home/lzbb/rk_inspection_ws/third_party/unitree_ros2/cyclonedds_ws/install/unitree_go/include/unitree_go/unitree_go/msg/res.hpp
-- Symlinking: /home/lzbb/rk_inspection_ws/third_party/unitree_ros2/cyclonedds_ws/install/unitree_go/include/unitree_go/unitree_go/msg/rosidl_generator_cpp__visibility_control.hpp
-- Symlinking: /home/lzbb/rk_inspection_ws/third_party/unitree_ros2/cyclonedds_ws/install/unitree_go/include/unitree_go/unitree_go/msg/sport_mode_cmd.hpp
-- Symlinking: /home/lzbb/rk_inspection_ws/third_party/unitree_ros2/cyclonedds_ws/install/unitree_go/include/unitree_go/unitree_go/msg/sport_mode_state.hpp
-- Symlinking: /home/lzbb/rk_inspection_ws/third_party/unitree_ros2/cyclonedds_ws/install/unitree_go/include/unitree_go/unitree_go/msg/time_spec.hpp
-- Symlinking: /home/lzbb/rk_inspection_ws/third_party/unitree_ros2/cyclonedds_ws/install/unitree_go/include/unitree_go/unitree_go/msg/uwb_state.hpp
-- Symlinking: /home/lzbb/rk_inspection_ws/third_party/unitree_ros2/cyclonedds_ws/install/unitree_go/include/unitree_go/unitree_go/msg/uwb_switch.hpp
-- Symlinking: /home/lzbb/rk_inspection_ws/third_party/unitree_ros2/cyclonedds_ws/install/unitree_go/include/unitree_go/unitree_go/msg/wireless_controller.hpp
-- Symlinking: /home/lzbb/rk_inspection_ws/third_party/unitree_ros2/cyclonedds_ws/install/unitree_go/include/unitree_go/unitree_go/msg/detail/audio_data__rosidl_typesupport_fastrtps_cpp.hpp
-- Symlinking: /home/lzbb/rk_inspection_ws/third_party/unitree_ros2/cyclonedds_ws/install/unitree_go/include/unitree_go/unitree_go/msg/detail/bms_cmd__rosidl_typesupport_fastrtps_cpp.hpp
-- Symlinking: /home/lzbb/rk_inspection_ws/third_party/unitree_ros2/cyclonedds_ws/install/unitree_go/include/unitree_go/unitree_go/msg/detail/bms_state__rosidl_typesupport_fastrtps_cpp.hpp
-- Symlinking: /home/lzbb/rk_inspection_ws/third_party/unitree_ros2/cyclonedds_ws/install/unitree_go/include/unitree_go/unitree_go/msg/detail/error__rosidl_typesupport_fastrtps_cpp.hpp
-- Symlinking: /home/lzbb/rk_inspection_ws/third_party/unitree_ros2/cyclonedds_ws/install/unitree_go/include/unitree_go/unitree_go/msg/detail/go2_front_video_data__rosidl_typesupport_fastrtps_cpp.hpp
-- Symlinking: /home/lzbb/rk_inspection_ws/third_party/unitree_ros2/cyclonedds_ws/install/unitree_go/include/unitree_go/unitree_go/msg/detail/height_map__rosidl_typesupport_fastrtps_cpp.hpp
-- Symlinking: /home/lzbb/rk_inspection_ws/third_party/unitree_ros2/cyclonedds_ws/install/unitree_go/include/unitree_go/unitree_go/msg/detail/imu_state__rosidl_typesupport_fastrtps_cpp.hpp
-- Symlinking: /home/lzbb/rk_inspection_ws/third_party/unitree_ros2/cyclonedds_ws/install/unitree_go/include/unitree_go/unitree_go/msg/detail/interface_config__rosidl_typesupport_fastrtps_cpp.hpp
-- Symlinking: /home/lzbb/rk_inspection_ws/third_party/unitree_ros2/cyclonedds_ws/install/unitree_go/include/unitree_go/unitree_go/msg/detail/lidar_state__rosidl_typesupport_fastrtps_cpp.hpp
-- Symlinking: /home/lzbb/rk_inspection_ws/third_party/unitree_ros2/cyclonedds_ws/install/unitree_go/include/unitree_go/unitree_go/msg/detail/low_cmd__rosidl_typesupport_fastrtps_cpp.hpp
-- Symlinking: /home/lzbb/rk_inspection_ws/third_party/unitree_ros2/cyclonedds_ws/install/unitree_go/include/unitree_go/unitree_go/msg/detail/low_state__rosidl_typesupport_fastrtps_cpp.hpp
-- Symlinking: /home/lzbb/rk_inspection_ws/third_party/unitree_ros2/cyclonedds_ws/install/unitree_go/include/unitree_go/unitree_go/msg/detail/motor_cmd__rosidl_typesupport_fastrtps_cpp.hpp
-- Symlinking: /home/lzbb/rk_inspection_ws/third_party/unitree_ros2/cyclonedds_ws/install/unitree_go/include/unitree_go/unitree_go/msg/detail/motor_cmds__rosidl_typesupport_fastrtps_cpp.hpp
-- Symlinking: /home/lzbb/rk_inspection_ws/third_party/unitree_ros2/cyclonedds_ws/install/unitree_go/include/unitree_go/unitree_go/msg/detail/motor_state__rosidl_typesupport_fastrtps_cpp.hpp
-- Symlinking: /home/lzbb/rk_inspection_ws/third_party/unitree_ros2/cyclonedds_ws/install/unitree_go/include/unitree_go/unitree_go/msg/detail/motor_states__rosidl_typesupport_fastrtps_cpp.hpp
-- Symlinking: /home/lzbb/rk_inspection_ws/third_party/unitree_ros2/cyclonedds_ws/install/unitree_go/include/unitree_go/unitree_go/msg/detail/path_point__rosidl_typesupport_fastrtps_cpp.hpp
-- Symlinking: /home/lzbb/rk_inspection_ws/third_party/unitree_ros2/cyclonedds_ws/install/unitree_go/include/unitree_go/unitree_go/msg/detail/req__rosidl_typesupport_fastrtps_cpp.hpp
-- Symlinking: /home/lzbb/rk_inspection_ws/third_party/unitree_ros2/cyclonedds_ws/install/unitree_go/include/unitree_go/unitree_go/msg/detail/res__rosidl_typesupport_fastrtps_cpp.hpp
-- Symlinking: /home/lzbb/rk_inspection_ws/third_party/unitree_ros2/cyclonedds_ws/install/unitree_go/include/unitree_go/unitree_go/msg/detail/sport_mode_cmd__rosidl_typesupport_fastrtps_cpp.hpp
-- Symlinking: /home/lzbb/rk_inspection_ws/third_party/unitree_ros2/cyclonedds_ws/install/unitree_go/include/unitree_go/unitree_go/msg/detail/sport_mode_state__rosidl_typesupport_fastrtps_cpp.hpp
-- Symlinking: /home/lzbb/rk_inspection_ws/third_party/unitree_ros2/cyclonedds_ws/install/unitree_go/include/unitree_go/unitree_go/msg/detail/time_spec__rosidl_typesupport_fastrtps_cpp.hpp
-- Symlinking: /home/lzbb/rk_inspection_ws/third_party/unitree_ros2/cyclonedds_ws/install/unitree_go/include/unitree_go/unitree_go/msg/detail/uwb_state__rosidl_typesupport_fastrtps_cpp.hpp
-- Symlinking: /home/lzbb/rk_inspection_ws/third_party/unitree_ros2/cyclonedds_ws/install/unitree_go/include/unitree_go/unitree_go/msg/detail/uwb_switch__rosidl_typesupport_fastrtps_cpp.hpp
-- Symlinking: /home/lzbb/rk_inspection_ws/third_party/unitree_ros2/cyclonedds_ws/install/unitree_go/include/unitree_go/unitree_go/msg/detail/wireless_controller__rosidl_typesupport_fastrtps_cpp.hpp
-- Symlinking: /home/lzbb/rk_inspection_ws/third_party/unitree_ros2/cyclonedds_ws/install/unitree_go/include/unitree_go/unitree_go/msg/rosidl_typesupport_fastrtps_cpp__visibility_control.h
-- Symlinking: /home/lzbb/rk_inspection_ws/third_party/unitree_ros2/cyclonedds_ws/install/unitree_go/include/unitree_go/unitree_go/msg/detail/audio_data__rosidl_typesupport_introspection_c.h
-- Symlinking: /home/lzbb/rk_inspection_ws/third_party/unitree_ros2/cyclonedds_ws/install/unitree_go/include/unitree_go/unitree_go/msg/detail/bms_cmd__rosidl_typesupport_introspection_c.h
-- Symlinking: /home/lzbb/rk_inspection_ws/third_party/unitree_ros2/cyclonedds_ws/install/unitree_go/include/unitree_go/unitree_go/msg/detail/bms_state__rosidl_typesupport_introspection_c.h
-- Symlinking: /home/lzbb/rk_inspection_ws/third_party/unitree_ros2/cyclonedds_ws/install/unitree_go/include/unitree_go/unitree_go/msg/detail/error__rosidl_typesupport_introspection_c.h
-- Symlinking: /home/lzbb/rk_inspection_ws/third_party/unitree_ros2/cyclonedds_ws/install/unitree_go/include/unitree_go/unitree_go/msg/detail/go2_front_video_data__rosidl_typesupport_introspection_c.h
-- Symlinking: /home/lzbb/rk_inspection_ws/third_party/unitree_ros2/cyclonedds_ws/install/unitree_go/include/unitree_go/unitree_go/msg/detail/height_map__rosidl_typesupport_introspection_c.h
-- Symlinking: /home/lzbb/rk_inspection_ws/third_party/unitree_ros2/cyclonedds_ws/install/unitree_go/include/unitree_go/unitree_go/msg/detail/imu_state__rosidl_typesupport_introspection_c.h
-- Symlinking: /home/lzbb/rk_inspection_ws/third_party/unitree_ros2/cyclonedds_ws/install/unitree_go/include/unitree_go/unitree_go/msg/detail/interface_config__rosidl_typesupport_introspection_c.h
-- Symlinking: /home/lzbb/rk_inspection_ws/third_party/unitree_ros2/cyclonedds_ws/install/unitree_go/include/unitree_go/unitree_go/msg/detail/lidar_state__rosidl_typesupport_introspection_c.h
-- Symlinking: /home/lzbb/rk_inspection_ws/third_party/unitree_ros2/cyclonedds_ws/install/unitree_go/include/unitree_go/unitree_go/msg/detail/low_cmd__rosidl_typesupport_introspection_c.h
-- Symlinking: /home/lzbb/rk_inspection_ws/third_party/unitree_ros2/cyclonedds_ws/install/unitree_go/include/unitree_go/unitree_go/msg/detail/low_state__rosidl_typesupport_introspection_c.h
-- Symlinking: /home/lzbb/rk_inspection_ws/third_party/unitree_ros2/cyclonedds_ws/install/unitree_go/include/unitree_go/unitree_go/msg/detail/motor_cmd__rosidl_typesupport_introspection_c.h
-- Symlinking: /home/lzbb/rk_inspection_ws/third_party/unitree_ros2/cyclonedds_ws/install/unitree_go/include/unitree_go/unitree_go/msg/detail/motor_cmds__rosidl_typesupport_introspection_c.h
-- Symlinking: /home/lzbb/rk_inspection_ws/third_party/unitree_ros2/cyclonedds_ws/install/unitree_go/include/unitree_go/unitree_go/msg/detail/motor_state__rosidl_typesupport_introspection_c.h
-- Symlinking: /home/lzbb/rk_inspection_ws/third_party/unitree_ros2/cyclonedds_ws/install/unitree_go/include/unitree_go/unitree_go/msg/detail/motor_states__rosidl_typesupport_introspection_c.h
-- Symlinking: /home/lzbb/rk_inspection_ws/third_party/unitree_ros2/cyclonedds_ws/install/unitree_go/include/unitree_go/unitree_go/msg/detail/path_point__rosidl_typesupport_introspection_c.h
-- Symlinking: /home/lzbb/rk_inspection_ws/third_party/unitree_ros2/cyclonedds_ws/install/unitree_go/include/unitree_go/unitree_go/msg/detail/req__rosidl_typesupport_introspection_c.h
-- Symlinking: /home/lzbb/rk_inspection_ws/third_party/unitree_ros2/cyclonedds_ws/install/unitree_go/include/unitree_go/unitree_go/msg/detail/res__rosidl_typesupport_introspection_c.h
-- Symlinking: /home/lzbb/rk_inspection_ws/third_party/unitree_ros2/cyclonedds_ws/install/unitree_go/include/unitree_go/unitree_go/msg/detail/sport_mode_cmd__rosidl_typesupport_introspection_c.h
-- Symlinking: /home/lzbb/rk_inspection_ws/third_party/unitree_ros2/cyclonedds_ws/install/unitree_go/include/unitree_go/unitree_go/msg/detail/sport_mode_state__rosidl_typesupport_introspection_c.h
-- Symlinking: /home/lzbb/rk_inspection_ws/third_party/unitree_ros2/cyclonedds_ws/install/unitree_go/include/unitree_go/unitree_go/msg/detail/time_spec__rosidl_typesupport_introspection_c.h
-- Symlinking: /home/lzbb/rk_inspection_ws/third_party/unitree_ros2/cyclonedds_ws/install/unitree_go/include/unitree_go/unitree_go/msg/detail/uwb_state__rosidl_typesupport_introspection_c.h
-- Symlinking: /home/lzbb/rk_inspection_ws/third_party/unitree_ros2/cyclonedds_ws/install/unitree_go/include/unitree_go/unitree_go/msg/detail/uwb_switch__rosidl_typesupport_introspection_c.h
-- Symlinking: /home/lzbb/rk_inspection_ws/third_party/unitree_ros2/cyclonedds_ws/install/unitree_go/include/unitree_go/unitree_go/msg/detail/wireless_controller__rosidl_typesupport_introspection_c.h
-- Symlinking: /home/lzbb/rk_inspection_ws/third_party/unitree_ros2/cyclonedds_ws/install/unitree_go/include/unitree_go/unitree_go/msg/rosidl_typesupport_introspection_c__visibility_control.h
-- Symlinking: /home/lzbb/rk_inspection_ws/third_party/unitree_ros2/cyclonedds_ws/install/unitree_go/include/unitree_go/unitree_go/msg/detail/audio_data__rosidl_typesupport_introspection_cpp.hpp
-- Symlinking: /home/lzbb/rk_inspection_ws/third_party/unitree_ros2/cyclonedds_ws/install/unitree_go/include/unitree_go/unitree_go/msg/detail/bms_cmd__rosidl_typesupport_introspection_cpp.hpp
-- Symlinking: /home/lzbb/rk_inspection_ws/third_party/unitree_ros2/cyclonedds_ws/install/unitree_go/include/unitree_go/unitree_go/msg/detail/bms_state__rosidl_typesupport_introspection_cpp.hpp
-- Symlinking: /home/lzbb/rk_inspection_ws/third_party/unitree_ros2/cyclonedds_ws/install/unitree_go/include/unitree_go/unitree_go/msg/detail/error__rosidl_typesupport_introspection_cpp.hpp
-- Symlinking: /home/lzbb/rk_inspection_ws/third_party/unitree_ros2/cyclonedds_ws/install/unitree_go/include/unitree_go/unitree_go/msg/detail/go2_front_video_data__rosidl_typesupport_introspection_cpp.hpp
-- Symlinking: /home/lzbb/rk_inspection_ws/third_party/unitree_ros2/cyclonedds_ws/install/unitree_go/include/unitree_go/unitree_go/msg/detail/height_map__rosidl_typesupport_introspection_cpp.hpp
-- Symlinking: /home/lzbb/rk_inspection_ws/third_party/unitree_ros2/cyclonedds_ws/install/unitree_go/include/unitree_go/unitree_go/msg/detail/imu_state__rosidl_typesupport_introspection_cpp.hpp
-- Symlinking: /home/lzbb/rk_inspection_ws/third_party/unitree_ros2/cyclonedds_ws/install/unitree_go/include/unitree_go/unitree_go/msg/detail/interface_config__rosidl_typesupport_introspection_cpp.hpp
-- Symlinking: /home/lzbb/rk_inspection_ws/third_party/unitree_ros2/cyclonedds_ws/install/unitree_go/include/unitree_go/unitree_go/msg/detail/lidar_state__rosidl_typesupport_introspection_cpp.hpp
-- Symlinking: /home/lzbb/rk_inspection_ws/third_party/unitree_ros2/cyclonedds_ws/install/unitree_go/include/unitree_go/unitree_go/msg/detail/low_cmd__rosidl_typesupport_introspection_cpp.hpp
-- Symlinking: /home/lzbb/rk_inspection_ws/third_party/unitree_ros2/cyclonedds_ws/install/unitree_go/include/unitree_go/unitree_go/msg/detail/low_state__rosidl_typesupport_introspection_cpp.hpp
-- Symlinking: /home/lzbb/rk_inspection_ws/third_party/unitree_ros2/cyclonedds_ws/install/unitree_go/include/unitree_go/unitree_go/msg/detail/motor_cmd__rosidl_typesupport_introspection_cpp.hpp
-- Symlinking: /home/lzbb/rk_inspection_ws/third_party/unitree_ros2/cyclonedds_ws/install/unitree_go/include/unitree_go/unitree_go/msg/detail/motor_cmds__rosidl_typesupport_introspection_cpp.hpp
-- Symlinking: /home/lzbb/rk_inspection_ws/third_party/unitree_ros2/cyclonedds_ws/install/unitree_go/include/unitree_go/unitree_go/msg/detail/motor_state__rosidl_typesupport_introspection_cpp.hpp
-- Symlinking: /home/lzbb/rk_inspection_ws/third_party/unitree_ros2/cyclonedds_ws/install/unitree_go/include/unitree_go/unitree_go/msg/detail/motor_states__rosidl_typesupport_introspection_cpp.hpp
-- Symlinking: /home/lzbb/rk_inspection_ws/third_party/unitree_ros2/cyclonedds_ws/install/unitree_go/include/unitree_go/unitree_go/msg/detail/path_point__rosidl_typesupport_introspection_cpp.hpp
-- Symlinking: /home/lzbb/rk_inspection_ws/third_party/unitree_ros2/cyclonedds_ws/install/unitree_go/include/unitree_go/unitree_go/msg/detail/req__rosidl_typesupport_introspection_cpp.hpp
-- Symlinking: /home/lzbb/rk_inspection_ws/third_party/unitree_ros2/cyclonedds_ws/install/unitree_go/include/unitree_go/unitree_go/msg/detail/res__rosidl_typesupport_introspection_cpp.hpp
-- Symlinking: /home/lzbb/rk_inspection_ws/third_party/unitree_ros2/cyclonedds_ws/install/unitree_go/include/unitree_go/unitree_go/msg/detail/sport_mode_cmd__rosidl_typesupport_introspection_cpp.hpp
-- Symlinking: /home/lzbb/rk_inspection_ws/third_party/unitree_ros2/cyclonedds_ws/install/unitree_go/include/unitree_go/unitree_go/msg/detail/sport_mode_state__rosidl_typesupport_introspection_cpp.hpp
-- Symlinking: /home/lzbb/rk_inspection_ws/third_party/unitree_ros2/cyclonedds_ws/install/unitree_go/include/unitree_go/unitree_go/msg/detail/time_spec__rosidl_typesupport_introspection_cpp.hpp
-- Symlinking: /home/lzbb/rk_inspection_ws/third_party/unitree_ros2/cyclonedds_ws/install/unitree_go/include/unitree_go/unitree_go/msg/detail/uwb_state__rosidl_typesupport_introspection_cpp.hpp
-- Symlinking: /home/lzbb/rk_inspection_ws/third_party/unitree_ros2/cyclonedds_ws/install/unitree_go/include/unitree_go/unitree_go/msg/detail/uwb_switch__rosidl_typesupport_introspection_cpp.hpp
-- Symlinking: /home/lzbb/rk_inspection_ws/third_party/unitree_ros2/cyclonedds_ws/install/unitree_go/include/unitree_go/unitree_go/msg/detail/wireless_controller__rosidl_typesupport_introspection_cpp.hpp
-- Symlinking: /home/lzbb/rk_inspection_ws/third_party/unitree_ros2/cyclonedds_ws/install/unitree_go/share/unitree_go/environment/pythonpath.sh
-- Symlinking: /home/lzbb/rk_inspection_ws/third_party/unitree_ros2/cyclonedds_ws/install/unitree_go/share/unitree_go/environment/pythonpath.dsv
-- Symlinking: /home/lzbb/rk_inspection_ws/third_party/unitree_ros2/cyclonedds_ws/install/unitree_go/local/lib/python3.10/dist-packages/unitree_go-0.0.0-py3.10.egg-info/PKG-INFO
-- Symlinking: /home/lzbb/rk_inspection_ws/third_party/unitree_ros2/cyclonedds_ws/install/unitree_go/local/lib/python3.10/dist-packages/unitree_go-0.0.0-py3.10.egg-info/SOURCES.txt
-- Symlinking: /home/lzbb/rk_inspection_ws/third_party/unitree_ros2/cyclonedds_ws/install/unitree_go/local/lib/python3.10/dist-packages/unitree_go-0.0.0-py3.10.egg-info/dependency_links.txt
-- Symlinking: /home/lzbb/rk_inspection_ws/third_party/unitree_ros2/cyclonedds_ws/install/unitree_go/local/lib/python3.10/dist-packages/unitree_go-0.0.0-py3.10.egg-info/top_level.txt
-- Symlinking: /home/lzbb/rk_inspection_ws/third_party/unitree_ros2/cyclonedds_ws/install/unitree_go/local/lib/python3.10/dist-packages/unitree_go/__init__.py
-- Symlinking: /home/lzbb/rk_inspection_ws/third_party/unitree_ros2/cyclonedds_ws/install/unitree_go/local/lib/python3.10/dist-packages/unitree_go/_unitree_go_s.ep.rosidl_typesupport_c.c
-- Symlinking: /home/lzbb/rk_inspection_ws/third_party/unitree_ros2/cyclonedds_ws/install/unitree_go/local/lib/python3.10/dist-packages/unitree_go/_unitree_go_s.ep.rosidl_typesupport_fastrtps_c.c
-- Symlinking: /home/lzbb/rk_inspection_ws/third_party/unitree_ros2/cyclonedds_ws/install/unitree_go/local/lib/python3.10/dist-packages/unitree_go/_unitree_go_s.ep.rosidl_typesupport_introspection_c.c
-- Symlinking: /home/lzbb/rk_inspection_ws/third_party/unitree_ros2/cyclonedds_ws/install/unitree_go/local/lib/python3.10/dist-packages/unitree_go/libunitree_go__rosidl_generator_py.so
-- Symlinking: /home/lzbb/rk_inspection_ws/third_party/unitree_ros2/cyclonedds_ws/install/unitree_go/local/lib/python3.10/dist-packages/unitree_go/msg/__init__.py
-- Symlinking: /home/lzbb/rk_inspection_ws/third_party/unitree_ros2/cyclonedds_ws/install/unitree_go/local/lib/python3.10/dist-packages/unitree_go/msg/_audio_data.py
-- Symlinking: /home/lzbb/rk_inspection_ws/third_party/unitree_ros2/cyclonedds_ws/install/unitree_go/local/lib/python3.10/dist-packages/unitree_go/msg/_audio_data_s.c
-- Symlinking: /home/lzbb/rk_inspection_ws/third_party/unitree_ros2/cyclonedds_ws/install/unitree_go/local/lib/python3.10/dist-packages/unitree_go/msg/_bms_cmd.py
-- Symlinking: /home/lzbb/rk_inspection_ws/third_party/unitree_ros2/cyclonedds_ws/install/unitree_go/local/lib/python3.10/dist-packages/unitree_go/msg/_bms_cmd_s.c
-- Symlinking: /home/lzbb/rk_inspection_ws/third_party/unitree_ros2/cyclonedds_ws/install/unitree_go/local/lib/python3.10/dist-packages/unitree_go/msg/_bms_state.py
-- Symlinking: /home/lzbb/rk_inspection_ws/third_party/unitree_ros2/cyclonedds_ws/install/unitree_go/local/lib/python3.10/dist-packages/unitree_go/msg/_bms_state_s.c
-- Symlinking: /home/lzbb/rk_inspection_ws/third_party/unitree_ros2/cyclonedds_ws/install/unitree_go/local/lib/python3.10/dist-packages/unitree_go/msg/_error.py
-- Symlinking: /home/lzbb/rk_inspection_ws/third_party/unitree_ros2/cyclonedds_ws/install/unitree_go/local/lib/python3.10/dist-packages/unitree_go/msg/_error_s.c
-- Symlinking: /home/lzbb/rk_inspection_ws/third_party/unitree_ros2/cyclonedds_ws/install/unitree_go/local/lib/python3.10/dist-packages/unitree_go/msg/_go2_front_video_data.py
-- Symlinking: /home/lzbb/rk_inspection_ws/third_party/unitree_ros2/cyclonedds_ws/install/unitree_go/local/lib/python3.10/dist-packages/unitree_go/msg/_go2_front_video_data_s.c
-- Symlinking: /home/lzbb/rk_inspection_ws/third_party/unitree_ros2/cyclonedds_ws/install/unitree_go/local/lib/python3.10/dist-packages/unitree_go/msg/_height_map.py
-- Symlinking: /home/lzbb/rk_inspection_ws/third_party/unitree_ros2/cyclonedds_ws/install/unitree_go/local/lib/python3.10/dist-packages/unitree_go/msg/_height_map_s.c
-- Symlinking: /home/lzbb/rk_inspection_ws/third_party/unitree_ros2/cyclonedds_ws/install/unitree_go/local/lib/python3.10/dist-packages/unitree_go/msg/_imu_state.py
-- Symlinking: /home/lzbb/rk_inspection_ws/third_party/unitree_ros2/cyclonedds_ws/install/unitree_go/local/lib/python3.10/dist-packages/unitree_go/msg/_imu_state_s.c
-- Symlinking: /home/lzbb/rk_inspection_ws/third_party/unitree_ros2/cyclonedds_ws/install/unitree_go/local/lib/python3.10/dist-packages/unitree_go/msg/_interface_config.py
-- Symlinking: /home/lzbb/rk_inspection_ws/third_party/unitree_ros2/cyclonedds_ws/install/unitree_go/local/lib/python3.10/dist-packages/unitree_go/msg/_interface_config_s.c
-- Symlinking: /home/lzbb/rk_inspection_ws/third_party/unitree_ros2/cyclonedds_ws/install/unitree_go/local/lib/python3.10/dist-packages/unitree_go/msg/_lidar_state.py
-- Symlinking: /home/lzbb/rk_inspection_ws/third_party/unitree_ros2/cyclonedds_ws/install/unitree_go/local/lib/python3.10/dist-packages/unitree_go/msg/_lidar_state_s.c
-- Symlinking: /home/lzbb/rk_inspection_ws/third_party/unitree_ros2/cyclonedds_ws/install/unitree_go/local/lib/python3.10/dist-packages/unitree_go/msg/_low_cmd.py
-- Symlinking: /home/lzbb/rk_inspection_ws/third_party/unitree_ros2/cyclonedds_ws/install/unitree_go/local/lib/python3.10/dist-packages/unitree_go/msg/_low_cmd_s.c
-- Symlinking: /home/lzbb/rk_inspection_ws/third_party/unitree_ros2/cyclonedds_ws/install/unitree_go/local/lib/python3.10/dist-packages/unitree_go/msg/_low_state.py
-- Symlinking: /home/lzbb/rk_inspection_ws/third_party/unitree_ros2/cyclonedds_ws/install/unitree_go/local/lib/python3.10/dist-packages/unitree_go/msg/_low_state_s.c
-- Symlinking: /home/lzbb/rk_inspection_ws/third_party/unitree_ros2/cyclonedds_ws/install/unitree_go/local/lib/python3.10/dist-packages/unitree_go/msg/_motor_cmd.py
-- Symlinking: /home/lzbb/rk_inspection_ws/third_party/unitree_ros2/cyclonedds_ws/install/unitree_go/local/lib/python3.10/dist-packages/unitree_go/msg/_motor_cmd_s.c
-- Symlinking: /home/lzbb/rk_inspection_ws/third_party/unitree_ros2/cyclonedds_ws/install/unitree_go/local/lib/python3.10/dist-packages/unitree_go/msg/_motor_cmds.py
-- Symlinking: /home/lzbb/rk_inspection_ws/third_party/unitree_ros2/cyclonedds_ws/install/unitree_go/local/lib/python3.10/dist-packages/unitree_go/msg/_motor_cmds_s.c
-- Symlinking: /home/lzbb/rk_inspection_ws/third_party/unitree_ros2/cyclonedds_ws/install/unitree_go/local/lib/python3.10/dist-packages/unitree_go/msg/_motor_state.py
-- Symlinking: /home/lzbb/rk_inspection_ws/third_party/unitree_ros2/cyclonedds_ws/install/unitree_go/local/lib/python3.10/dist-packages/unitree_go/msg/_motor_state_s.c
-- Symlinking: /home/lzbb/rk_inspection_ws/third_party/unitree_ros2/cyclonedds_ws/install/unitree_go/local/lib/python3.10/dist-packages/unitree_go/msg/_motor_states.py
-- Symlinking: /home/lzbb/rk_inspection_ws/third_party/unitree_ros2/cyclonedds_ws/install/unitree_go/local/lib/python3.10/dist-packages/unitree_go/msg/_motor_states_s.c
-- Symlinking: /home/lzbb/rk_inspection_ws/third_party/unitree_ros2/cyclonedds_ws/install/unitree_go/local/lib/python3.10/dist-packages/unitree_go/msg/_path_point.py
-- Symlinking: /home/lzbb/rk_inspection_ws/third_party/unitree_ros2/cyclonedds_ws/install/unitree_go/local/lib/python3.10/dist-packages/unitree_go/msg/_path_point_s.c
-- Symlinking: /home/lzbb/rk_inspection_ws/third_party/unitree_ros2/cyclonedds_ws/install/unitree_go/local/lib/python3.10/dist-packages/unitree_go/msg/_req.py
-- Symlinking: /home/lzbb/rk_inspection_ws/third_party/unitree_ros2/cyclonedds_ws/install/unitree_go/local/lib/python3.10/dist-packages/unitree_go/msg/_req_s.c
-- Symlinking: /home/lzbb/rk_inspection_ws/third_party/unitree_ros2/cyclonedds_ws/install/unitree_go/local/lib/python3.10/dist-packages/unitree_go/msg/_res.py
-- Symlinking: /home/lzbb/rk_inspection_ws/third_party/unitree_ros2/cyclonedds_ws/install/unitree_go/local/lib/python3.10/dist-packages/unitree_go/msg/_res_s.c
-- Symlinking: /home/lzbb/rk_inspection_ws/third_party/unitree_ros2/cyclonedds_ws/install/unitree_go/local/lib/python3.10/dist-packages/unitree_go/msg/_sport_mode_cmd.py
-- Symlinking: /home/lzbb/rk_inspection_ws/third_party/unitree_ros2/cyclonedds_ws/install/unitree_go/local/lib/python3.10/dist-packages/unitree_go/msg/_sport_mode_cmd_s.c
-- Symlinking: /home/lzbb/rk_inspection_ws/third_party/unitree_ros2/cyclonedds_ws/install/unitree_go/local/lib/python3.10/dist-packages/unitree_go/msg/_sport_mode_state.py
-- Symlinking: /home/lzbb/rk_inspection_ws/third_party/unitree_ros2/cyclonedds_ws/install/unitree_go/local/lib/python3.10/dist-packages/unitree_go/msg/_sport_mode_state_s.c
-- Symlinking: /home/lzbb/rk_inspection_ws/third_party/unitree_ros2/cyclonedds_ws/install/unitree_go/local/lib/python3.10/dist-packages/unitree_go/msg/_time_spec.py
-- Symlinking: /home/lzbb/rk_inspection_ws/third_party/unitree_ros2/cyclonedds_ws/install/unitree_go/local/lib/python3.10/dist-packages/unitree_go/msg/_time_spec_s.c
-- Symlinking: /home/lzbb/rk_inspection_ws/third_party/unitree_ros2/cyclonedds_ws/install/unitree_go/local/lib/python3.10/dist-packages/unitree_go/msg/_uwb_state.py
-- Symlinking: /home/lzbb/rk_inspection_ws/third_party/unitree_ros2/cyclonedds_ws/install/unitree_go/local/lib/python3.10/dist-packages/unitree_go/msg/_uwb_state_s.c
-- Symlinking: /home/lzbb/rk_inspection_ws/third_party/unitree_ros2/cyclonedds_ws/install/unitree_go/local/lib/python3.10/dist-packages/unitree_go/msg/_uwb_switch.py
-- Symlinking: /home/lzbb/rk_inspection_ws/third_party/unitree_ros2/cyclonedds_ws/install/unitree_go/local/lib/python3.10/dist-packages/unitree_go/msg/_uwb_switch_s.c
-- Symlinking: /home/lzbb/rk_inspection_ws/third_party/unitree_ros2/cyclonedds_ws/install/unitree_go/local/lib/python3.10/dist-packages/unitree_go/msg/_wireless_controller.py
-- Symlinking: /home/lzbb/rk_inspection_ws/third_party/unitree_ros2/cyclonedds_ws/install/unitree_go/local/lib/python3.10/dist-packages/unitree_go/msg/_wireless_controller_s.c
-- Symlinking: /home/lzbb/rk_inspection_ws/third_party/unitree_ros2/cyclonedds_ws/install/unitree_go/local/lib/python3.10/dist-packages/unitree_go/unitree_go_s__rosidl_typesupport_c.cpython-310-x86_64-linux-gnu.so
-- Symlinking: /home/lzbb/rk_inspection_ws/third_party/unitree_ros2/cyclonedds_ws/install/unitree_go/local/lib/python3.10/dist-packages/unitree_go/unitree_go_s__rosidl_typesupport_fastrtps_c.cpython-310-x86_64-linux-gnu.so
-- Symlinking: /home/lzbb/rk_inspection_ws/third_party/unitree_ros2/cyclonedds_ws/install/unitree_go/local/lib/python3.10/dist-packages/unitree_go/unitree_go_s__rosidl_typesupport_introspection_c.cpython-310-x86_64-linux-gnu.so
-- Up-to-date symlink: /home/lzbb/rk_inspection_ws/third_party/unitree_ros2/cyclonedds_ws/install/unitree_go/local/lib/python3.10/dist-packages/unitree_go/unitree_go_s__rosidl_typesupport_fastrtps_c.cpython-310-x86_64-linux-gnu.so
-- Up-to-date symlink: /home/lzbb/rk_inspection_ws/third_party/unitree_ros2/cyclonedds_ws/install/unitree_go/local/lib/python3.10/dist-packages/unitree_go/unitree_go_s__rosidl_typesupport_introspection_c.cpython-310-x86_64-linux-gnu.so
-- Up-to-date symlink: /home/lzbb/rk_inspection_ws/third_party/unitree_ros2/cyclonedds_ws/install/unitree_go/local/lib/python3.10/dist-packages/unitree_go/unitree_go_s__rosidl_typesupport_c.cpython-310-x86_64-linux-gnu.so
-- Symlinking: /home/lzbb/rk_inspection_ws/third_party/unitree_ros2/cyclonedds_ws/install/unitree_go/share/ament_index/resource_index/rust_packages/unitree_go
-- Symlinking: /home/lzbb/rk_inspection_ws/third_party/unitree_ros2/cyclonedds_ws/install/unitree_go/share/unitree_go/rust/Cargo.toml
-- Symlinking: /home/lzbb/rk_inspection_ws/third_party/unitree_ros2/cyclonedds_ws/install/unitree_go/share/unitree_go/rust/build.rs
-- Symlinking: /home/lzbb/rk_inspection_ws/third_party/unitree_ros2/cyclonedds_ws/install/unitree_go/share/unitree_go/rust/src/lib.rs
-- Symlinking: /home/lzbb/rk_inspection_ws/third_party/unitree_ros2/cyclonedds_ws/install/unitree_go/share/unitree_go/rust/src/msg.rs
-- Symlinking: /home/lzbb/rk_inspection_ws/third_party/unitree_ros2/cyclonedds_ws/install/unitree_go/share/unitree_go/rust/src/msg/rmw.rs
-- Symlinking: /home/lzbb/rk_inspection_ws/third_party/unitree_ros2/cyclonedds_ws/install/unitree_go/share/unitree_go/msg/AudioData.idl
-- Symlinking: /home/lzbb/rk_inspection_ws/third_party/unitree_ros2/cyclonedds_ws/install/unitree_go/share/unitree_go/msg/BmsCmd.idl
-- Symlinking: /home/lzbb/rk_inspection_ws/third_party/unitree_ros2/cyclonedds_ws/install/unitree_go/share/unitree_go/msg/BmsState.idl
-- Symlinking: /home/lzbb/rk_inspection_ws/third_party/unitree_ros2/cyclonedds_ws/install/unitree_go/share/unitree_go/msg/Error.idl
-- Symlinking: /home/lzbb/rk_inspection_ws/third_party/unitree_ros2/cyclonedds_ws/install/unitree_go/share/unitree_go/msg/Go2FrontVideoData.idl
-- Symlinking: /home/lzbb/rk_inspection_ws/third_party/unitree_ros2/cyclonedds_ws/install/unitree_go/share/unitree_go/msg/HeightMap.idl
-- Symlinking: /home/lzbb/rk_inspection_ws/third_party/unitree_ros2/cyclonedds_ws/install/unitree_go/share/unitree_go/msg/IMUState.idl
-- Symlinking: /home/lzbb/rk_inspection_ws/third_party/unitree_ros2/cyclonedds_ws/install/unitree_go/share/unitree_go/msg/InterfaceConfig.idl
-- Symlinking: /home/lzbb/rk_inspection_ws/third_party/unitree_ros2/cyclonedds_ws/install/unitree_go/share/unitree_go/msg/LidarState.idl
-- Symlinking: /home/lzbb/rk_inspection_ws/third_party/unitree_ros2/cyclonedds_ws/install/unitree_go/share/unitree_go/msg/LowCmd.idl
-- Symlinking: /home/lzbb/rk_inspection_ws/third_party/unitree_ros2/cyclonedds_ws/install/unitree_go/share/unitree_go/msg/LowState.idl
-- Symlinking: /home/lzbb/rk_inspection_ws/third_party/unitree_ros2/cyclonedds_ws/install/unitree_go/share/unitree_go/msg/MotorCmd.idl
-- Symlinking: /home/lzbb/rk_inspection_ws/third_party/unitree_ros2/cyclonedds_ws/install/unitree_go/share/unitree_go/msg/MotorCmds.idl
-- Symlinking: /home/lzbb/rk_inspection_ws/third_party/unitree_ros2/cyclonedds_ws/install/unitree_go/share/unitree_go/msg/MotorState.idl
-- Symlinking: /home/lzbb/rk_inspection_ws/third_party/unitree_ros2/cyclonedds_ws/install/unitree_go/share/unitree_go/msg/MotorStates.idl
-- Symlinking: /home/lzbb/rk_inspection_ws/third_party/unitree_ros2/cyclonedds_ws/install/unitree_go/share/unitree_go/msg/PathPoint.idl
-- Symlinking: /home/lzbb/rk_inspection_ws/third_party/unitree_ros2/cyclonedds_ws/install/unitree_go/share/unitree_go/msg/Req.idl
-- Symlinking: /home/lzbb/rk_inspection_ws/third_party/unitree_ros2/cyclonedds_ws/install/unitree_go/share/unitree_go/msg/Res.idl
-- Symlinking: /home/lzbb/rk_inspection_ws/third_party/unitree_ros2/cyclonedds_ws/install/unitree_go/share/unitree_go/msg/SportModeCmd.idl
-- Symlinking: /home/lzbb/rk_inspection_ws/third_party/unitree_ros2/cyclonedds_ws/install/unitree_go/share/unitree_go/msg/SportModeState.idl
-- Symlinking: /home/lzbb/rk_inspection_ws/third_party/unitree_ros2/cyclonedds_ws/install/unitree_go/share/unitree_go/msg/TimeSpec.idl
-- Symlinking: /home/lzbb/rk_inspection_ws/third_party/unitree_ros2/cyclonedds_ws/install/unitree_go/share/unitree_go/msg/UwbState.idl
-- Symlinking: /home/lzbb/rk_inspection_ws/third_party/unitree_ros2/cyclonedds_ws/install/unitree_go/share/unitree_go/msg/UwbSwitch.idl
-- Symlinking: /home/lzbb/rk_inspection_ws/third_party/unitree_ros2/cyclonedds_ws/install/unitree_go/share/unitree_go/msg/WirelessController.idl
-- Symlinking: /home/lzbb/rk_inspection_ws/third_party/unitree_ros2/cyclonedds_ws/install/unitree_go/share/unitree_go/msg/AudioData.msg
-- Symlinking: /home/lzbb/rk_inspection_ws/third_party/unitree_ros2/cyclonedds_ws/install/unitree_go/share/unitree_go/msg/BmsCmd.msg
-- Symlinking: /home/lzbb/rk_inspection_ws/third_party/unitree_ros2/cyclonedds_ws/install/unitree_go/share/unitree_go/msg/BmsState.msg
-- Symlinking: /home/lzbb/rk_inspection_ws/third_party/unitree_ros2/cyclonedds_ws/install/unitree_go/share/unitree_go/msg/Error.msg
-- Symlinking: /home/lzbb/rk_inspection_ws/third_party/unitree_ros2/cyclonedds_ws/install/unitree_go/share/unitree_go/msg/Go2FrontVideoData.msg
-- Symlinking: /home/lzbb/rk_inspection_ws/third_party/unitree_ros2/cyclonedds_ws/install/unitree_go/share/unitree_go/msg/HeightMap.msg
-- Symlinking: /home/lzbb/rk_inspection_ws/third_party/unitree_ros2/cyclonedds_ws/install/unitree_go/share/unitree_go/msg/IMUState.msg
-- Symlinking: /home/lzbb/rk_inspection_ws/third_party/unitree_ros2/cyclonedds_ws/install/unitree_go/share/unitree_go/msg/InterfaceConfig.msg
-- Symlinking: /home/lzbb/rk_inspection_ws/third_party/unitree_ros2/cyclonedds_ws/install/unitree_go/share/unitree_go/msg/LidarState.msg
-- Symlinking: /home/lzbb/rk_inspection_ws/third_party/unitree_ros2/cyclonedds_ws/install/unitree_go/share/unitree_go/msg/LowCmd.msg
-- Symlinking: /home/lzbb/rk_inspection_ws/third_party/unitree_ros2/cyclonedds_ws/install/unitree_go/share/unitree_go/msg/LowState.msg
-- Symlinking: /home/lzbb/rk_inspection_ws/third_party/unitree_ros2/cyclonedds_ws/install/unitree_go/share/unitree_go/msg/MotorCmd.msg
-- Symlinking: /home/lzbb/rk_inspection_ws/third_party/unitree_ros2/cyclonedds_ws/install/unitree_go/share/unitree_go/msg/MotorCmds.msg
-- Symlinking: /home/lzbb/rk_inspection_ws/third_party/unitree_ros2/cyclonedds_ws/install/unitree_go/share/unitree_go/msg/MotorState.msg
-- Symlinking: /home/lzbb/rk_inspection_ws/third_party/unitree_ros2/cyclonedds_ws/install/unitree_go/share/unitree_go/msg/MotorStates.msg
-- Symlinking: /home/lzbb/rk_inspection_ws/third_party/unitree_ros2/cyclonedds_ws/install/unitree_go/share/unitree_go/msg/PathPoint.msg
-- Symlinking: /home/lzbb/rk_inspection_ws/third_party/unitree_ros2/cyclonedds_ws/install/unitree_go/share/unitree_go/msg/Req.msg
-- Symlinking: /home/lzbb/rk_inspection_ws/third_party/unitree_ros2/cyclonedds_ws/install/unitree_go/share/unitree_go/msg/Res.msg
-- Symlinking: /home/lzbb/rk_inspection_ws/third_party/unitree_ros2/cyclonedds_ws/install/unitree_go/share/unitree_go/msg/SportModeCmd.msg
-- Symlinking: /home/lzbb/rk_inspection_ws/third_party/unitree_ros2/cyclonedds_ws/install/unitree_go/share/unitree_go/msg/SportModeState.msg
-- Symlinking: /home/lzbb/rk_inspection_ws/third_party/unitree_ros2/cyclonedds_ws/install/unitree_go/share/unitree_go/msg/TimeSpec.msg
-- Symlinking: /home/lzbb/rk_inspection_ws/third_party/unitree_ros2/cyclonedds_ws/install/unitree_go/share/unitree_go/msg/UwbState.msg
-- Symlinking: /home/lzbb/rk_inspection_ws/third_party/unitree_ros2/cyclonedds_ws/install/unitree_go/share/unitree_go/msg/UwbSwitch.msg
-- Symlinking: /home/lzbb/rk_inspection_ws/third_party/unitree_ros2/cyclonedds_ws/install/unitree_go/share/unitree_go/msg/WirelessController.msg
-- Symlinking: /home/lzbb/rk_inspection_ws/third_party/unitree_ros2/cyclonedds_ws/install/unitree_go/share/unitree_go/msg/dds_connext/AudioData_.idl
-- Symlinking: /home/lzbb/rk_inspection_ws/third_party/unitree_ros2/cyclonedds_ws/install/unitree_go/share/unitree_go/msg/dds_connext/BmsCmd_.idl
-- Symlinking: /home/lzbb/rk_inspection_ws/third_party/unitree_ros2/cyclonedds_ws/install/unitree_go/share/unitree_go/msg/dds_connext/BmsState_.idl
-- Symlinking: /home/lzbb/rk_inspection_ws/third_party/unitree_ros2/cyclonedds_ws/install/unitree_go/share/unitree_go/msg/dds_connext/Error_.idl
-- Symlinking: /home/lzbb/rk_inspection_ws/third_party/unitree_ros2/cyclonedds_ws/install/unitree_go/share/unitree_go/msg/dds_connext/Go2FrontVideoData_.idl
-- Symlinking: /home/lzbb/rk_inspection_ws/third_party/unitree_ros2/cyclonedds_ws/install/unitree_go/share/unitree_go/msg/dds_connext/HeightMap_.idl
-- Symlinking: /home/lzbb/rk_inspection_ws/third_party/unitree_ros2/cyclonedds_ws/install/unitree_go/share/unitree_go/msg/dds_connext/IMUState_.idl
-- Symlinking: /home/lzbb/rk_inspection_ws/third_party/unitree_ros2/cyclonedds_ws/install/unitree_go/share/unitree_go/msg/dds_connext/InterfaceConfig_.idl
-- Symlinking: /home/lzbb/rk_inspection_ws/third_party/unitree_ros2/cyclonedds_ws/install/unitree_go/share/unitree_go/msg/dds_connext/LidarState_.idl
-- Symlinking: /home/lzbb/rk_inspection_ws/third_party/unitree_ros2/cyclonedds_ws/install/unitree_go/share/unitree_go/msg/dds_connext/LowCmd_.idl
-- Symlinking: /home/lzbb/rk_inspection_ws/third_party/unitree_ros2/cyclonedds_ws/install/unitree_go/share/unitree_go/msg/dds_connext/LowState_.idl
-- Symlinking: /home/lzbb/rk_inspection_ws/third_party/unitree_ros2/cyclonedds_ws/install/unitree_go/share/unitree_go/msg/dds_connext/MotorCmd_.idl
-- Symlinking: /home/lzbb/rk_inspection_ws/third_party/unitree_ros2/cyclonedds_ws/install/unitree_go/share/unitree_go/msg/dds_connext/MotorCmds_.idl
-- Symlinking: /home/lzbb/rk_inspection_ws/third_party/unitree_ros2/cyclonedds_ws/install/unitree_go/share/unitree_go/msg/dds_connext/MotorState_.idl
-- Symlinking: /home/lzbb/rk_inspection_ws/third_party/unitree_ros2/cyclonedds_ws/install/unitree_go/share/unitree_go/msg/dds_connext/MotorStates_.idl
-- Symlinking: /home/lzbb/rk_inspection_ws/third_party/unitree_ros2/cyclonedds_ws/install/unitree_go/share/unitree_go/msg/dds_connext/PathPoint_.idl
-- Symlinking: /home/lzbb/rk_inspection_ws/third_party/unitree_ros2/cyclonedds_ws/install/unitree_go/share/unitree_go/msg/dds_connext/Req_.idl
-- Symlinking: /home/lzbb/rk_inspection_ws/third_party/unitree_ros2/cyclonedds_ws/install/unitree_go/share/unitree_go/msg/dds_connext/Res_.idl
-- Symlinking: /home/lzbb/rk_inspection_ws/third_party/unitree_ros2/cyclonedds_ws/install/unitree_go/share/unitree_go/msg/dds_connext/SportModeCmd_.idl
-- Symlinking: /home/lzbb/rk_inspection_ws/third_party/unitree_ros2/cyclonedds_ws/install/unitree_go/share/unitree_go/msg/dds_connext/SportModeState_.idl
-- Symlinking: /home/lzbb/rk_inspection_ws/third_party/unitree_ros2/cyclonedds_ws/install/unitree_go/share/unitree_go/msg/dds_connext/TimeSpec_.idl
-- Symlinking: /home/lzbb/rk_inspection_ws/third_party/unitree_ros2/cyclonedds_ws/install/unitree_go/share/unitree_go/msg/dds_connext/UwbState_.idl
-- Symlinking: /home/lzbb/rk_inspection_ws/third_party/unitree_ros2/cyclonedds_ws/install/unitree_go/share/unitree_go/msg/dds_connext/UwbSwitch_.idl
-- Symlinking: /home/lzbb/rk_inspection_ws/third_party/unitree_ros2/cyclonedds_ws/install/unitree_go/share/unitree_go/msg/dds_connext/WirelessController_.idl
-- Symlinking: /home/lzbb/rk_inspection_ws/third_party/unitree_ros2/cyclonedds_ws/install/unitree_go/share/ament_index/resource_index/package_run_dependencies/unitree_go
-- Symlinking: /home/lzbb/rk_inspection_ws/third_party/unitree_ros2/cyclonedds_ws/install/unitree_go/share/ament_index/resource_index/parent_prefix_path/unitree_go
-- Symlinking: /home/lzbb/rk_inspection_ws/third_party/unitree_ros2/cyclonedds_ws/install/unitree_go/share/unitree_go/environment/ament_prefix_path.sh
-- Symlinking: /home/lzbb/rk_inspection_ws/third_party/unitree_ros2/cyclonedds_ws/install/unitree_go/share/unitree_go/environment/ament_prefix_path.dsv
-- Symlinking: /home/lzbb/rk_inspection_ws/third_party/unitree_ros2/cyclonedds_ws/install/unitree_go/share/unitree_go/environment/path.sh
-- Symlinking: /home/lzbb/rk_inspection_ws/third_party/unitree_ros2/cyclonedds_ws/install/unitree_go/share/unitree_go/environment/path.dsv
-- Symlinking: /home/lzbb/rk_inspection_ws/third_party/unitree_ros2/cyclonedds_ws/install/unitree_go/share/unitree_go/local_setup.bash
-- Symlinking: /home/lzbb/rk_inspection_ws/third_party/unitree_ros2/cyclonedds_ws/install/unitree_go/share/unitree_go/local_setup.sh
-- Symlinking: /home/lzbb/rk_inspection_ws/third_party/unitree_ros2/cyclonedds_ws/install/unitree_go/share/unitree_go/local_setup.zsh
-- Symlinking: /home/lzbb/rk_inspection_ws/third_party/unitree_ros2/cyclonedds_ws/install/unitree_go/share/unitree_go/local_setup.dsv
-- Symlinking: /home/lzbb/rk_inspection_ws/third_party/unitree_ros2/cyclonedds_ws/install/unitree_go/share/unitree_go/package.dsv
-- Symlinking: /home/lzbb/rk_inspection_ws/third_party/unitree_ros2/cyclonedds_ws/install/unitree_go/share/ament_index/resource_index/packages/unitree_go
-- Symlinking: /home/lzbb/rk_inspection_ws/third_party/unitree_ros2/cyclonedds_ws/install/unitree_go/share/unitree_go/cmake/rosidl_cmake-extras.cmake
-- Symlinking: /home/lzbb/rk_inspection_ws/third_party/unitree_ros2/cyclonedds_ws/install/unitree_go/share/unitree_go/cmake/ament_cmake_export_dependencies-extras.cmake
-- Symlinking: /home/lzbb/rk_inspection_ws/third_party/unitree_ros2/cyclonedds_ws/install/unitree_go/share/unitree_go/cmake/ament_cmake_export_include_directories-extras.cmake
-- Symlinking: /home/lzbb/rk_inspection_ws/third_party/unitree_ros2/cyclonedds_ws/install/unitree_go/share/unitree_go/cmake/ament_cmake_export_libraries-extras.cmake
-- Symlinking: /home/lzbb/rk_inspection_ws/third_party/unitree_ros2/cyclonedds_ws/install/unitree_go/share/unitree_go/cmake/ament_cmake_export_targets-extras.cmake
-- Symlinking: /home/lzbb/rk_inspection_ws/third_party/unitree_ros2/cyclonedds_ws/install/unitree_go/share/unitree_go/cmake/rosidl_cmake_export_typesupport_targets-extras.cmake
-- Symlinking: /home/lzbb/rk_inspection_ws/third_party/unitree_ros2/cyclonedds_ws/install/unitree_go/share/unitree_go/cmake/rosidl_cmake_export_typesupport_libraries-extras.cmake
-- Symlinking: /home/lzbb/rk_inspection_ws/third_party/unitree_ros2/cyclonedds_ws/install/unitree_go/share/unitree_go/cmake/unitree_goConfig.cmake
-- Symlinking: /home/lzbb/rk_inspection_ws/third_party/unitree_ros2/cyclonedds_ws/install/unitree_go/share/unitree_go/cmake/unitree_goConfig-version.cmake
-- Symlinking: /home/lzbb/rk_inspection_ws/third_party/unitree_ros2/cyclonedds_ws/install/unitree_go/share/unitree_go/package.xml
-- Installing: /home/lzbb/rk_inspection_ws/third_party/unitree_ros2/cyclonedds_ws/install/unitree_go/lib/libunitree_go__rosidl_generator_c.so
-- Set runtime path of "/home/lzbb/rk_inspection_ws/third_party/unitree_ros2/cyclonedds_ws/install/unitree_go/lib/libunitree_go__rosidl_generator_c.so" to ""
-- Installing: /home/lzbb/rk_inspection_ws/third_party/unitree_ros2/cyclonedds_ws/install/unitree_go/lib/libunitree_go__rosidl_typesupport_fastrtps_c.so
-- Set runtime path of "/home/lzbb/rk_inspection_ws/third_party/unitree_ros2/cyclonedds_ws/install/unitree_go/lib/libunitree_go__rosidl_typesupport_fastrtps_c.so" to ""
-- Installing: /home/lzbb/rk_inspection_ws/third_party/unitree_ros2/cyclonedds_ws/install/unitree_go/lib/libunitree_go__rosidl_typesupport_fastrtps_cpp.so
-- Set runtime path of "/home/lzbb/rk_inspection_ws/third_party/unitree_ros2/cyclonedds_ws/install/unitree_go/lib/libunitree_go__rosidl_typesupport_fastrtps_cpp.so" to ""
-- Installing: /home/lzbb/rk_inspection_ws/third_party/unitree_ros2/cyclonedds_ws/install/unitree_go/lib/libunitree_go__rosidl_typesupport_introspection_c.so
-- Set runtime path of "/home/lzbb/rk_inspection_ws/third_party/unitree_ros2/cyclonedds_ws/install/unitree_go/lib/libunitree_go__rosidl_typesupport_introspection_c.so" to ""
-- Installing: /home/lzbb/rk_inspection_ws/third_party/unitree_ros2/cyclonedds_ws/install/unitree_go/lib/libunitree_go__rosidl_typesupport_c.so
-- Set runtime path of "/home/lzbb/rk_inspection_ws/third_party/unitree_ros2/cyclonedds_ws/install/unitree_go/lib/libunitree_go__rosidl_typesupport_c.so" to ""
-- Installing: /home/lzbb/rk_inspection_ws/third_party/unitree_ros2/cyclonedds_ws/install/unitree_go/lib/libunitree_go__rosidl_typesupport_introspection_cpp.so
-- Set runtime path of "/home/lzbb/rk_inspection_ws/third_party/unitree_ros2/cyclonedds_ws/install/unitree_go/lib/libunitree_go__rosidl_typesupport_introspection_cpp.so" to ""
-- Installing: /home/lzbb/rk_inspection_ws/third_party/unitree_ros2/cyclonedds_ws/install/unitree_go/lib/libunitree_go__rosidl_typesupport_cpp.so
-- Set runtime path of "/home/lzbb/rk_inspection_ws/third_party/unitree_ros2/cyclonedds_ws/install/unitree_go/lib/libunitree_go__rosidl_typesupport_cpp.so" to ""
Listing '/home/lzbb/rk_inspection_ws/third_party/unitree_ros2/cyclonedds_ws/install/unitree_go/local/lib/python3.10/dist-packages/unitree_go'...
Compiling '/home/lzbb/rk_inspection_ws/third_party/unitree_ros2/cyclonedds_ws/install/unitree_go/local/lib/python3.10/dist-packages/unitree_go/__init__.py'...
Listing '/home/lzbb/rk_inspection_ws/third_party/unitree_ros2/cyclonedds_ws/install/unitree_go/local/lib/python3.10/dist-packages/unitree_go/msg'...
Compiling '/home/lzbb/rk_inspection_ws/third_party/unitree_ros2/cyclonedds_ws/install/unitree_go/local/lib/python3.10/dist-packages/unitree_go/msg/__init__.py'...
Compiling '/home/lzbb/rk_inspection_ws/third_party/unitree_ros2/cyclonedds_ws/install/unitree_go/local/lib/python3.10/dist-packages/unitree_go/msg/_audio_data.py'...
Compiling '/home/lzbb/rk_inspection_ws/third_party/unitree_ros2/cyclonedds_ws/install/unitree_go/local/lib/python3.10/dist-packages/unitree_go/msg/_bms_cmd.py'...
Compiling '/home/lzbb/rk_inspection_ws/third_party/unitree_ros2/cyclonedds_ws/install/unitree_go/local/lib/python3.10/dist-packages/unitree_go/msg/_bms_state.py'...
Compiling '/home/lzbb/rk_inspection_ws/third_party/unitree_ros2/cyclonedds_ws/install/unitree_go/local/lib/python3.10/dist-packages/unitree_go/msg/_error.py'...
Compiling '/home/lzbb/rk_inspection_ws/third_party/unitree_ros2/cyclonedds_ws/install/unitree_go/local/lib/python3.10/dist-packages/unitree_go/msg/_go2_front_video_data.py'...
Compiling '/home/lzbb/rk_inspection_ws/third_party/unitree_ros2/cyclonedds_ws/install/unitree_go/local/lib/python3.10/dist-packages/unitree_go/msg/_height_map.py'...
Compiling '/home/lzbb/rk_inspection_ws/third_party/unitree_ros2/cyclonedds_ws/install/unitree_go/local/lib/python3.10/dist-packages/unitree_go/msg/_imu_state.py'...
Compiling '/home/lzbb/rk_inspection_ws/third_party/unitree_ros2/cyclonedds_ws/install/unitree_go/local/lib/python3.10/dist-packages/unitree_go/msg/_interface_config.py'...
Compiling '/home/lzbb/rk_inspection_ws/third_party/unitree_ros2/cyclonedds_ws/install/unitree_go/local/lib/python3.10/dist-packages/unitree_go/msg/_lidar_state.py'...
Compiling '/home/lzbb/rk_inspection_ws/third_party/unitree_ros2/cyclonedds_ws/install/unitree_go/local/lib/python3.10/dist-packages/unitree_go/msg/_low_cmd.py'...
Compiling '/home/lzbb/rk_inspection_ws/third_party/unitree_ros2/cyclonedds_ws/install/unitree_go/local/lib/python3.10/dist-packages/unitree_go/msg/_low_state.py'...
Compiling '/home/lzbb/rk_inspection_ws/third_party/unitree_ros2/cyclonedds_ws/install/unitree_go/local/lib/python3.10/dist-packages/unitree_go/msg/_motor_cmd.py'...
Compiling '/home/lzbb/rk_inspection_ws/third_party/unitree_ros2/cyclonedds_ws/install/unitree_go/local/lib/python3.10/dist-packages/unitree_go/msg/_motor_cmds.py'...
Compiling '/home/lzbb/rk_inspection_ws/third_party/unitree_ros2/cyclonedds_ws/install/unitree_go/local/lib/python3.10/dist-packages/unitree_go/msg/_motor_state.py'...
Compiling '/home/lzbb/rk_inspection_ws/third_party/unitree_ros2/cyclonedds_ws/install/unitree_go/local/lib/python3.10/dist-packages/unitree_go/msg/_motor_states.py'...
Compiling '/home/lzbb/rk_inspection_ws/third_party/unitree_ros2/cyclonedds_ws/install/unitree_go/local/lib/python3.10/dist-packages/unitree_go/msg/_path_point.py'...
Compiling '/home/lzbb/rk_inspection_ws/third_party/unitree_ros2/cyclonedds_ws/install/unitree_go/local/lib/python3.10/dist-packages/unitree_go/msg/_req.py'...
Compiling '/home/lzbb/rk_inspection_ws/third_party/unitree_ros2/cyclonedds_ws/install/unitree_go/local/lib/python3.10/dist-packages/unitree_go/msg/_res.py'...
Compiling '/home/lzbb/rk_inspection_ws/third_party/unitree_ros2/cyclonedds_ws/install/unitree_go/local/lib/python3.10/dist-packages/unitree_go/msg/_sport_mode_cmd.py'...
Compiling '/home/lzbb/rk_inspection_ws/third_party/unitree_ros2/cyclonedds_ws/install/unitree_go/local/lib/python3.10/dist-packages/unitree_go/msg/_sport_mode_state.py'...
Compiling '/home/lzbb/rk_inspection_ws/third_party/unitree_ros2/cyclonedds_ws/install/unitree_go/local/lib/python3.10/dist-packages/unitree_go/msg/_time_spec.py'...
Compiling '/home/lzbb/rk_inspection_ws/third_party/unitree_ros2/cyclonedds_ws/install/unitree_go/local/lib/python3.10/dist-packages/unitree_go/msg/_uwb_state.py'...
Compiling '/home/lzbb/rk_inspection_ws/third_party/unitree_ros2/cyclonedds_ws/install/unitree_go/local/lib/python3.10/dist-packages/unitree_go/msg/_uwb_switch.py'...
Compiling '/home/lzbb/rk_inspection_ws/third_party/unitree_ros2/cyclonedds_ws/install/unitree_go/local/lib/python3.10/dist-packages/unitree_go/msg/_wireless_controller.py'...
-- Installing: /home/lzbb/rk_inspection_ws/third_party/unitree_ros2/cyclonedds_ws/install/unitree_go/lib/libunitree_go__rosidl_generator_py.so
-- Set runtime path of "/home/lzbb/rk_inspection_ws/third_party/unitree_ros2/cyclonedds_ws/install/unitree_go/lib/libunitree_go__rosidl_generator_py.so" to ""
-- Installing: /home/lzbb/rk_inspection_ws/third_party/unitree_ros2/cyclonedds_ws/install/unitree_go/share/unitree_go/cmake/export_unitree_go__rosidl_generator_cExport.cmake
-- Installing: /home/lzbb/rk_inspection_ws/third_party/unitree_ros2/cyclonedds_ws/install/unitree_go/share/unitree_go/cmake/export_unitree_go__rosidl_generator_cExport-noconfig.cmake
-- Installing: /home/lzbb/rk_inspection_ws/third_party/unitree_ros2/cyclonedds_ws/install/unitree_go/share/unitree_go/cmake/export_unitree_go__rosidl_typesupport_fastrtps_cExport.cmake
-- Installing: /home/lzbb/rk_inspection_ws/third_party/unitree_ros2/cyclonedds_ws/install/unitree_go/share/unitree_go/cmake/export_unitree_go__rosidl_typesupport_fastrtps_cExport-noconfig.cmake
-- Installing: /home/lzbb/rk_inspection_ws/third_party/unitree_ros2/cyclonedds_ws/install/unitree_go/share/unitree_go/cmake/export_unitree_go__rosidl_generator_cppExport.cmake
-- Installing: /home/lzbb/rk_inspection_ws/third_party/unitree_ros2/cyclonedds_ws/install/unitree_go/share/unitree_go/cmake/export_unitree_go__rosidl_typesupport_fastrtps_cppExport.cmake
-- Installing: /home/lzbb/rk_inspection_ws/third_party/unitree_ros2/cyclonedds_ws/install/unitree_go/share/unitree_go/cmake/export_unitree_go__rosidl_typesupport_fastrtps_cppExport-noconfig.cmake
-- Installing: /home/lzbb/rk_inspection_ws/third_party/unitree_ros2/cyclonedds_ws/install/unitree_go/share/unitree_go/cmake/unitree_go__rosidl_typesupport_introspection_cExport.cmake
-- Installing: /home/lzbb/rk_inspection_ws/third_party/unitree_ros2/cyclonedds_ws/install/unitree_go/share/unitree_go/cmake/unitree_go__rosidl_typesupport_introspection_cExport-noconfig.cmake
-- Installing: /home/lzbb/rk_inspection_ws/third_party/unitree_ros2/cyclonedds_ws/install/unitree_go/share/unitree_go/cmake/unitree_go__rosidl_typesupport_cExport.cmake
-- Installing: /home/lzbb/rk_inspection_ws/third_party/unitree_ros2/cyclonedds_ws/install/unitree_go/share/unitree_go/cmake/unitree_go__rosidl_typesupport_cExport-noconfig.cmake
-- Installing: /home/lzbb/rk_inspection_ws/third_party/unitree_ros2/cyclonedds_ws/install/unitree_go/share/unitree_go/cmake/unitree_go__rosidl_typesupport_introspection_cppExport.cmake
-- Installing: /home/lzbb/rk_inspection_ws/third_party/unitree_ros2/cyclonedds_ws/install/unitree_go/share/unitree_go/cmake/unitree_go__rosidl_typesupport_introspection_cppExport-noconfig.cmake
-- Installing: /home/lzbb/rk_inspection_ws/third_party/unitree_ros2/cyclonedds_ws/install/unitree_go/share/unitree_go/cmake/unitree_go__rosidl_typesupport_cppExport.cmake
-- Installing: /home/lzbb/rk_inspection_ws/third_party/unitree_ros2/cyclonedds_ws/install/unitree_go/share/unitree_go/cmake/unitree_go__rosidl_typesupport_cppExport-noconfig.cmake
-- Installing: /home/lzbb/rk_inspection_ws/third_party/unitree_ros2/cyclonedds_ws/install/unitree_go/share/unitree_go/cmake/export_unitree_go__rosidl_generator_pyExport.cmake
-- Installing: /home/lzbb/rk_inspection_ws/third_party/unitree_ros2/cyclonedds_ws/install/unitree_go/share/unitree_go/cmake/export_unitree_go__rosidl_generator_pyExport-noconfig.cmake
