[0.092s] Invoking command in '/home/lzbb/rk_inspection_ws/third_party/unitree_ros2/cyclonedds_ws/build/unitree_go': CMAKE_PREFIX_PATH=${CMAKE_PREFIX_PATH}:/tmp/rk_rosidl_generator_dds_idl/opt/ros/humble:/opt/ros/humble /usr/bin/cmake --build /home/lzbb/rk_inspection_ws/third_party/unitree_ros2/cyclonedds_ws/build/unitree_go -- -j4 -l4
[1.412s] Consolidate compiler generated dependencies of target unitree_go__rosidl_generator_c
[1.412s] [  1%] Built target unitree_go__rs
[1.412s] [  1%] Built target unitree_go__cpp
[1.431s] [  1%] Generating DDS interfaces
[1.602s] [  2%] Generating C++ type support for eProsima Fast-RTPS
[1.735s] [ 14%] Built target unitree_go__rosidl_generator_c
[1.903s] [ 15%] Generating C++ introspection for ROS interfaces
[2.221s] [ 15%] Built target ament_cmake_python_symlink_unitree_go
[2.530s] [ 16%] Generating C++ type support dispatch for ROS interfaces
[24.511s] [ 16%] Building CXX object CMakeFiles/unitree_go__rosidl_typesupport_cpp.dir/rosidl_typesupport_cpp/unitree_go/msg/audio_data__type_support.cpp.o
[25.490s] [ 16%] Built target unitree_go__dds_connext_idl
[29.278s] [ 17%] Building CXX object CMakeFiles/unitree_go__rosidl_typesupport_cpp.dir/rosidl_typesupport_cpp/unitree_go/msg/bms_cmd__type_support.cpp.o
[33.701s] [ 17%] Building CXX object CMakeFiles/unitree_go__rosidl_typesupport_cpp.dir/rosidl_typesupport_cpp/unitree_go/msg/bms_state__type_support.cpp.o
[35.372s] [ 17%] Building CXX object CMakeFiles/unitree_go__rosidl_typesupport_introspection_cpp.dir/rosidl_typesupport_introspection_cpp/unitree_go/msg/detail/audio_data__type_support.cpp.o
[35.776s] [ 17%] Building CXX object CMakeFiles/unitree_go__rosidl_typesupport_fastrtps_cpp.dir/rosidl_typesupport_fastrtps_cpp/unitree_go/msg/detail/dds_fastrtps/audio_data__type_support.cpp.o
[37.896s] [ 18%] Building CXX object CMakeFiles/unitree_go__rosidl_typesupport_cpp.dir/rosidl_typesupport_cpp/unitree_go/msg/error__type_support.cpp.o
[40.886s] [ 19%] Building CXX object CMakeFiles/unitree_go__rosidl_typesupport_fastrtps_cpp.dir/rosidl_typesupport_fastrtps_cpp/unitree_go/msg/detail/dds_fastrtps/bms_cmd__type_support.cpp.o
[42.076s] [ 19%] Building CXX object CMakeFiles/unitree_go__rosidl_typesupport_introspection_cpp.dir/rosidl_typesupport_introspection_cpp/unitree_go/msg/detail/bms_cmd__type_support.cpp.o
[42.892s] [ 19%] Building CXX object CMakeFiles/unitree_go__rosidl_typesupport_cpp.dir/rosidl_typesupport_cpp/unitree_go/msg/go2_front_video_data__type_support.cpp.o
[48.611s] [ 20%] Building CXX object CMakeFiles/unitree_go__rosidl_typesupport_cpp.dir/rosidl_typesupport_cpp/unitree_go/msg/height_map__type_support.cpp.o
[48.913s] [ 20%] Building CXX object CMakeFiles/unitree_go__rosidl_typesupport_fastrtps_cpp.dir/rosidl_typesupport_fastrtps_cpp/unitree_go/msg/detail/dds_fastrtps/bms_state__type_support.cpp.o
[50.409s] [ 21%] Building CXX object CMakeFiles/unitree_go__rosidl_typesupport_introspection_cpp.dir/rosidl_typesupport_introspection_cpp/unitree_go/msg/detail/bms_state__type_support.cpp.o
[53.745s] [ 21%] Building CXX object CMakeFiles/unitree_go__rosidl_typesupport_cpp.dir/rosidl_typesupport_cpp/unitree_go/msg/imu_state__type_support.cpp.o
[57.165s] [ 21%] Building CXX object CMakeFiles/unitree_go__rosidl_typesupport_fastrtps_cpp.dir/rosidl_typesupport_fastrtps_cpp/unitree_go/msg/detail/dds_fastrtps/error__type_support.cpp.o
[59.849s] [ 21%] Building CXX object CMakeFiles/unitree_go__rosidl_typesupport_introspection_cpp.dir/rosidl_typesupport_introspection_cpp/unitree_go/msg/detail/error__type_support.cpp.o
[60.842s] [ 21%] Building CXX object CMakeFiles/unitree_go__rosidl_typesupport_cpp.dir/rosidl_typesupport_cpp/unitree_go/msg/interface_config__type_support.cpp.o
[66.009s] [ 22%] Building CXX object CMakeFiles/unitree_go__rosidl_typesupport_cpp.dir/rosidl_typesupport_cpp/unitree_go/msg/lidar_state__type_support.cpp.o
[66.601s] [ 23%] Building CXX object CMakeFiles/unitree_go__rosidl_typesupport_fastrtps_cpp.dir/rosidl_typesupport_fastrtps_cpp/unitree_go/msg/detail/dds_fastrtps/go2_front_video_data__type_support.cpp.o
[67.650s] [ 24%] Building CXX object CMakeFiles/unitree_go__rosidl_typesupport_introspection_cpp.dir/rosidl_typesupport_introspection_cpp/unitree_go/msg/detail/go2_front_video_data__type_support.cpp.o
[70.653s] [ 24%] Building CXX object CMakeFiles/unitree_go__rosidl_typesupport_cpp.dir/rosidl_typesupport_cpp/unitree_go/msg/low_cmd__type_support.cpp.o
[73.533s] [ 24%] Building CXX object CMakeFiles/unitree_go__rosidl_typesupport_introspection_cpp.dir/rosidl_typesupport_introspection_cpp/unitree_go/msg/detail/height_map__type_support.cpp.o
[74.441s] [ 24%] Building CXX object CMakeFiles/unitree_go__rosidl_typesupport_fastrtps_cpp.dir/rosidl_typesupport_fastrtps_cpp/unitree_go/msg/detail/dds_fastrtps/height_map__type_support.cpp.o
[74.969s] [ 25%] Building CXX object CMakeFiles/unitree_go__rosidl_typesupport_cpp.dir/rosidl_typesupport_cpp/unitree_go/msg/low_state__type_support.cpp.o
[79.878s] [ 25%] Building CXX object CMakeFiles/unitree_go__rosidl_typesupport_cpp.dir/rosidl_typesupport_cpp/unitree_go/msg/motor_cmd__type_support.cpp.o
[81.010s] [ 26%] Building CXX object CMakeFiles/unitree_go__rosidl_typesupport_introspection_cpp.dir/rosidl_typesupport_introspection_cpp/unitree_go/msg/detail/imu_state__type_support.cpp.o
[82.312s] [ 27%] Building CXX object CMakeFiles/unitree_go__rosidl_typesupport_fastrtps_cpp.dir/rosidl_typesupport_fastrtps_cpp/unitree_go/msg/detail/dds_fastrtps/imu_state__type_support.cpp.o
[83.950s] [ 28%] Building CXX object CMakeFiles/unitree_go__rosidl_typesupport_cpp.dir/rosidl_typesupport_cpp/unitree_go/msg/motor_cmds__type_support.cpp.o
[88.663s] [ 28%] Building CXX object CMakeFiles/unitree_go__rosidl_typesupport_introspection_cpp.dir/rosidl_typesupport_introspection_cpp/unitree_go/msg/detail/interface_config__type_support.cpp.o
[89.167s] [ 28%] Building CXX object CMakeFiles/unitree_go__rosidl_typesupport_cpp.dir/rosidl_typesupport_cpp/unitree_go/msg/motor_state__type_support.cpp.o
[89.226s] [ 28%] Building CXX object CMakeFiles/unitree_go__rosidl_typesupport_fastrtps_cpp.dir/rosidl_typesupport_fastrtps_cpp/unitree_go/msg/detail/dds_fastrtps/interface_config__type_support.cpp.o
[91.011s] [ 29%] Building CXX object CMakeFiles/unitree_go__rosidl_typesupport_introspection_cpp.dir/rosidl_typesupport_introspection_cpp/unitree_go/msg/detail/lidar_state__type_support.cpp.o
[91.116s] [ 30%] Building CXX object CMakeFiles/unitree_go__rosidl_typesupport_cpp.dir/rosidl_typesupport_cpp/unitree_go/msg/motor_states__type_support.cpp.o
[91.648s] [ 31%] Building CXX object CMakeFiles/unitree_go__rosidl_typesupport_fastrtps_cpp.dir/rosidl_typesupport_fastrtps_cpp/unitree_go/msg/detail/dds_fastrtps/lidar_state__type_support.cpp.o
[92.476s] [ 31%] Building CXX object CMakeFiles/unitree_go__rosidl_typesupport_cpp.dir/rosidl_typesupport_cpp/unitree_go/msg/path_point__type_support.cpp.o
[93.205s] [ 31%] Building CXX object CMakeFiles/unitree_go__rosidl_typesupport_introspection_cpp.dir/rosidl_typesupport_introspection_cpp/unitree_go/msg/detail/low_cmd__type_support.cpp.o
[95.084s] [ 32%] Building CXX object CMakeFiles/unitree_go__rosidl_typesupport_cpp.dir/rosidl_typesupport_cpp/unitree_go/msg/req__type_support.cpp.o
[96.218s] [ 32%] Building CXX object CMakeFiles/unitree_go__rosidl_typesupport_fastrtps_cpp.dir/rosidl_typesupport_fastrtps_cpp/unitree_go/msg/detail/dds_fastrtps/low_cmd__type_support.cpp.o
[98.684s] [ 33%] Building CXX object CMakeFiles/unitree_go__rosidl_typesupport_introspection_cpp.dir/rosidl_typesupport_introspection_cpp/unitree_go/msg/detail/low_state__type_support.cpp.o
[98.794s] [ 33%] Building CXX object CMakeFiles/unitree_go__rosidl_typesupport_cpp.dir/rosidl_typesupport_cpp/unitree_go/msg/res__type_support.cpp.o
[101.158s] [ 34%] Building CXX object CMakeFiles/unitree_go__rosidl_typesupport_cpp.dir/rosidl_typesupport_cpp/unitree_go/msg/sport_mode_cmd__type_support.cpp.o
[101.215s] [ 35%] Building CXX object CMakeFiles/unitree_go__rosidl_typesupport_fastrtps_cpp.dir/rosidl_typesupport_fastrtps_cpp/unitree_go/msg/detail/dds_fastrtps/low_state__type_support.cpp.o
[103.891s] [ 35%] Building CXX object CMakeFiles/unitree_go__rosidl_typesupport_introspection_cpp.dir/rosidl_typesupport_introspection_cpp/unitree_go/msg/detail/motor_cmd__type_support.cpp.o
[105.248s] [ 35%] Building CXX object CMakeFiles/unitree_go__rosidl_typesupport_cpp.dir/rosidl_typesupport_cpp/unitree_go/msg/sport_mode_state__type_support.cpp.o
[106.910s] [ 35%] Building CXX object CMakeFiles/unitree_go__rosidl_typesupport_fastrtps_cpp.dir/rosidl_typesupport_fastrtps_cpp/unitree_go/msg/detail/dds_fastrtps/motor_cmd__type_support.cpp.o
[108.314s] [ 35%] Building CXX object CMakeFiles/unitree_go__rosidl_typesupport_cpp.dir/rosidl_typesupport_cpp/unitree_go/msg/time_spec__type_support.cpp.o
[108.318s] [ 36%] Building CXX object CMakeFiles/unitree_go__rosidl_typesupport_introspection_cpp.dir/rosidl_typesupport_introspection_cpp/unitree_go/msg/detail/motor_cmds__type_support.cpp.o
[110.278s] [ 37%] Building CXX object CMakeFiles/unitree_go__rosidl_typesupport_fastrtps_cpp.dir/rosidl_typesupport_fastrtps_cpp/unitree_go/msg/detail/dds_fastrtps/motor_cmds__type_support.cpp.o
[110.530s] [ 38%] Building CXX object CMakeFiles/unitree_go__rosidl_typesupport_cpp.dir/rosidl_typesupport_cpp/unitree_go/msg/uwb_state__type_support.cpp.o
[112.095s] [ 38%] Building CXX object CMakeFiles/unitree_go__rosidl_typesupport_introspection_cpp.dir/rosidl_typesupport_introspection_cpp/unitree_go/msg/detail/motor_state__type_support.cpp.o
[112.849s] [ 38%] Building CXX object CMakeFiles/unitree_go__rosidl_typesupport_cpp.dir/rosidl_typesupport_cpp/unitree_go/msg/uwb_switch__type_support.cpp.o
[114.361s] [ 38%] Building CXX object CMakeFiles/unitree_go__rosidl_typesupport_fastrtps_cpp.dir/rosidl_typesupport_fastrtps_cpp/unitree_go/msg/detail/dds_fastrtps/motor_state__type_support.cpp.o
[115.250s] [ 39%] Building CXX object CMakeFiles/unitree_go__rosidl_typesupport_cpp.dir/rosidl_typesupport_cpp/unitree_go/msg/wireless_controller__type_support.cpp.o
[115.556s] [ 39%] Building CXX object CMakeFiles/unitree_go__rosidl_typesupport_introspection_cpp.dir/rosidl_typesupport_introspection_cpp/unitree_go/msg/detail/motor_states__type_support.cpp.o
[120.044s] [ 40%] Building CXX object CMakeFiles/unitree_go__rosidl_typesupport_fastrtps_cpp.dir/rosidl_typesupport_fastrtps_cpp/unitree_go/msg/detail/dds_fastrtps/motor_states__type_support.cpp.o
[120.088s] [ 40%] Linking CXX shared library libunitree_go__rosidl_typesupport_cpp.so
[121.034s] [ 40%] Built target unitree_go__rosidl_typesupport_cpp
[123.399s] [ 41%] Building CXX object CMakeFiles/unitree_go__rosidl_typesupport_introspection_cpp.dir/rosidl_typesupport_introspection_cpp/unitree_go/msg/detail/path_point__type_support.cpp.o
[126.078s] [ 41%] Building CXX object CMakeFiles/unitree_go__rosidl_typesupport_fastrtps_cpp.dir/rosidl_typesupport_fastrtps_cpp/unitree_go/msg/detail/dds_fastrtps/path_point__type_support.cpp.o
[126.987s] [ 41%] Building CXX object CMakeFiles/unitree_go__rosidl_typesupport_introspection_cpp.dir/rosidl_typesupport_introspection_cpp/unitree_go/msg/detail/req__type_support.cpp.o
[128.811s] [ 41%] Building CXX object CMakeFiles/unitree_go__rosidl_typesupport_fastrtps_cpp.dir/rosidl_typesupport_fastrtps_cpp/unitree_go/msg/detail/dds_fastrtps/req__type_support.cpp.o
[129.967s] [ 42%] Building CXX object CMakeFiles/unitree_go__rosidl_typesupport_introspection_cpp.dir/rosidl_typesupport_introspection_cpp/unitree_go/msg/detail/res__type_support.cpp.o
[131.986s] [ 43%] Building CXX object CMakeFiles/unitree_go__rosidl_typesupport_fastrtps_cpp.dir/rosidl_typesupport_fastrtps_cpp/unitree_go/msg/detail/dds_fastrtps/res__type_support.cpp.o
[133.511s] [ 43%] Building CXX object CMakeFiles/unitree_go__rosidl_typesupport_introspection_cpp.dir/rosidl_typesupport_introspection_cpp/unitree_go/msg/detail/sport_mode_cmd__type_support.cpp.o
[135.342s] [ 43%] Building CXX object CMakeFiles/unitree_go__rosidl_typesupport_fastrtps_cpp.dir/rosidl_typesupport_fastrtps_cpp/unitree_go/msg/detail/dds_fastrtps/sport_mode_cmd__type_support.cpp.o
[136.565s] [ 44%] Building CXX object CMakeFiles/unitree_go__rosidl_typesupport_introspection_cpp.dir/rosidl_typesupport_introspection_cpp/unitree_go/msg/detail/sport_mode_state__type_support.cpp.o
[138.861s] [ 45%] Building CXX object CMakeFiles/unitree_go__rosidl_typesupport_fastrtps_cpp.dir/rosidl_typesupport_fastrtps_cpp/unitree_go/msg/detail/dds_fastrtps/sport_mode_state__type_support.cpp.o
[140.441s] [ 45%] Building CXX object CMakeFiles/unitree_go__rosidl_typesupport_introspection_cpp.dir/rosidl_typesupport_introspection_cpp/unitree_go/msg/detail/time_spec__type_support.cpp.o
[143.034s] [ 45%] Building CXX object CMakeFiles/unitree_go__rosidl_typesupport_fastrtps_cpp.dir/rosidl_typesupport_fastrtps_cpp/unitree_go/msg/detail/dds_fastrtps/time_spec__type_support.cpp.o
[144.226s] [ 46%] Building CXX object CMakeFiles/unitree_go__rosidl_typesupport_introspection_cpp.dir/rosidl_typesupport_introspection_cpp/unitree_go/msg/detail/uwb_state__type_support.cpp.o
[146.808s] [ 47%] Building CXX object CMakeFiles/unitree_go__rosidl_typesupport_fastrtps_cpp.dir/rosidl_typesupport_fastrtps_cpp/unitree_go/msg/detail/dds_fastrtps/uwb_state__type_support.cpp.o
[148.062s] [ 47%] Building CXX object CMakeFiles/unitree_go__rosidl_typesupport_introspection_cpp.dir/rosidl_typesupport_introspection_cpp/unitree_go/msg/detail/uwb_switch__type_support.cpp.o
[150.829s] [ 47%] Building CXX object CMakeFiles/unitree_go__rosidl_typesupport_fastrtps_cpp.dir/rosidl_typesupport_fastrtps_cpp/unitree_go/msg/detail/dds_fastrtps/uwb_switch__type_support.cpp.o
[151.896s] [ 48%] Building CXX object CMakeFiles/unitree_go__rosidl_typesupport_introspection_cpp.dir/rosidl_typesupport_introspection_cpp/unitree_go/msg/detail/wireless_controller__type_support.cpp.o
[154.602s] [ 49%] Building CXX object CMakeFiles/unitree_go__rosidl_typesupport_fastrtps_cpp.dir/rosidl_typesupport_fastrtps_cpp/unitree_go/msg/detail/dds_fastrtps/wireless_controller__type_support.cpp.o
[155.384s] [ 49%] Linking CXX shared library libunitree_go__rosidl_typesupport_introspection_cpp.so
[156.196s] [ 49%] Built target unitree_go__rosidl_typesupport_introspection_cpp
[157.891s] [ 49%] Linking CXX shared library libunitree_go__rosidl_typesupport_fastrtps_cpp.so
[158.585s] [ 49%] Built target unitree_go__rosidl_typesupport_fastrtps_cpp
[158.685s] [ 50%] Generating C introspection for ROS interfaces
[175.960s] [ 50%] Building C object CMakeFiles/unitree_go__rosidl_typesupport_introspection_c.dir/rosidl_typesupport_introspection_c/unitree_go/msg/detail/audio_data__type_support.c.o
[176.116s] [ 51%] Building C object CMakeFiles/unitree_go__rosidl_typesupport_introspection_c.dir/rosidl_typesupport_introspection_c/unitree_go/msg/detail/bms_cmd__type_support.c.o
[176.287s] [ 51%] Building C object CMakeFiles/unitree_go__rosidl_typesupport_introspection_c.dir/rosidl_typesupport_introspection_c/unitree_go/msg/detail/bms_state__type_support.c.o
[176.480s] [ 51%] Building C object CMakeFiles/unitree_go__rosidl_typesupport_introspection_c.dir/rosidl_typesupport_introspection_c/unitree_go/msg/detail/error__type_support.c.o
[176.652s] [ 52%] Building C object CMakeFiles/unitree_go__rosidl_typesupport_introspection_c.dir/rosidl_typesupport_introspection_c/unitree_go/msg/detail/go2_front_video_data__type_support.c.o
[176.917s] [ 52%] Building C object CMakeFiles/unitree_go__rosidl_typesupport_introspection_c.dir/rosidl_typesupport_introspection_c/unitree_go/msg/detail/height_map__type_support.c.o
[177.087s] [ 53%] Building C object CMakeFiles/unitree_go__rosidl_typesupport_introspection_c.dir/rosidl_typesupport_introspection_c/unitree_go/msg/detail/imu_state__type_support.c.o
[177.263s] [ 53%] Building C object CMakeFiles/unitree_go__rosidl_typesupport_introspection_c.dir/rosidl_typesupport_introspection_c/unitree_go/msg/detail/interface_config__type_support.c.o
[177.381s] [ 54%] Building C object CMakeFiles/unitree_go__rosidl_typesupport_introspection_c.dir/rosidl_typesupport_introspection_c/unitree_go/msg/detail/lidar_state__type_support.c.o
[177.506s] [ 54%] Building C object CMakeFiles/unitree_go__rosidl_typesupport_introspection_c.dir/rosidl_typesupport_introspection_c/unitree_go/msg/detail/low_cmd__type_support.c.o
[177.675s] [ 55%] Building C object CMakeFiles/unitree_go__rosidl_typesupport_introspection_c.dir/rosidl_typesupport_introspection_c/unitree_go/msg/detail/low_state__type_support.c.o
[177.873s] [ 55%] Building C object CMakeFiles/unitree_go__rosidl_typesupport_introspection_c.dir/rosidl_typesupport_introspection_c/unitree_go/msg/detail/motor_cmd__type_support.c.o
[178.001s] [ 56%] Building C object CMakeFiles/unitree_go__rosidl_typesupport_introspection_c.dir/rosidl_typesupport_introspection_c/unitree_go/msg/detail/motor_cmds__type_support.c.o
[178.159s] [ 56%] Building C object CMakeFiles/unitree_go__rosidl_typesupport_introspection_c.dir/rosidl_typesupport_introspection_c/unitree_go/msg/detail/motor_state__type_support.c.o
[178.295s] [ 57%] Building C object CMakeFiles/unitree_go__rosidl_typesupport_introspection_c.dir/rosidl_typesupport_introspection_c/unitree_go/msg/detail/motor_states__type_support.c.o
[178.481s] [ 57%] Building C object CMakeFiles/unitree_go__rosidl_typesupport_introspection_c.dir/rosidl_typesupport_introspection_c/unitree_go/msg/detail/path_point__type_support.c.o
[178.623s] [ 57%] Building C object CMakeFiles/unitree_go__rosidl_typesupport_introspection_c.dir/rosidl_typesupport_introspection_c/unitree_go/msg/detail/req__type_support.c.o
[178.790s] [ 58%] Building C object CMakeFiles/unitree_go__rosidl_typesupport_introspection_c.dir/rosidl_typesupport_introspection_c/unitree_go/msg/detail/res__type_support.c.o
[179.073s] [ 58%] Building C object CMakeFiles/unitree_go__rosidl_typesupport_introspection_c.dir/rosidl_typesupport_introspection_c/unitree_go/msg/detail/sport_mode_cmd__type_support.c.o
[179.296s] [ 59%] Building C object CMakeFiles/unitree_go__rosidl_typesupport_introspection_c.dir/rosidl_typesupport_introspection_c/unitree_go/msg/detail/sport_mode_state__type_support.c.o
[179.599s] [ 59%] Building C object CMakeFiles/unitree_go__rosidl_typesupport_introspection_c.dir/rosidl_typesupport_introspection_c/unitree_go/msg/detail/time_spec__type_support.c.o
[179.777s] [ 60%] Building C object CMakeFiles/unitree_go__rosidl_typesupport_introspection_c.dir/rosidl_typesupport_introspection_c/unitree_go/msg/detail/uwb_state__type_support.c.o
[179.972s] [ 60%] Building C object CMakeFiles/unitree_go__rosidl_typesupport_introspection_c.dir/rosidl_typesupport_introspection_c/unitree_go/msg/detail/uwb_switch__type_support.c.o
[180.176s] [ 61%] Building C object CMakeFiles/unitree_go__rosidl_typesupport_introspection_c.dir/rosidl_typesupport_introspection_c/unitree_go/msg/detail/wireless_controller__type_support.c.o
[180.428s] [ 61%] Linking C shared library libunitree_go__rosidl_typesupport_introspection_c.so
[180.693s] [ 61%] Built target unitree_go__rosidl_typesupport_introspection_c
[180.772s] [ 62%] Generating C type support dispatch for ROS interfaces
[186.465s] [ 62%] Building CXX object CMakeFiles/unitree_go__rosidl_typesupport_c.dir/rosidl_typesupport_c/unitree_go/msg/audio_data__type_support.cpp.o
[186.593s] [ 63%] Building CXX object CMakeFiles/unitree_go__rosidl_typesupport_c.dir/rosidl_typesupport_c/unitree_go/msg/bms_cmd__type_support.cpp.o
[186.713s] [ 63%] Building CXX object CMakeFiles/unitree_go__rosidl_typesupport_c.dir/rosidl_typesupport_c/unitree_go/msg/bms_state__type_support.cpp.o
[186.837s] [ 64%] Building CXX object CMakeFiles/unitree_go__rosidl_typesupport_c.dir/rosidl_typesupport_c/unitree_go/msg/error__type_support.cpp.o
[186.964s] [ 64%] Building CXX object CMakeFiles/unitree_go__rosidl_typesupport_c.dir/rosidl_typesupport_c/unitree_go/msg/go2_front_video_data__type_support.cpp.o
[187.071s] [ 65%] Building CXX object CMakeFiles/unitree_go__rosidl_typesupport_c.dir/rosidl_typesupport_c/unitree_go/msg/height_map__type_support.cpp.o
[187.191s] [ 65%] Building CXX object CMakeFiles/unitree_go__rosidl_typesupport_c.dir/rosidl_typesupport_c/unitree_go/msg/imu_state__type_support.cpp.o
[187.323s] [ 66%] Building CXX object CMakeFiles/unitree_go__rosidl_typesupport_c.dir/rosidl_typesupport_c/unitree_go/msg/interface_config__type_support.cpp.o
[187.447s] [ 66%] Building CXX object CMakeFiles/unitree_go__rosidl_typesupport_c.dir/rosidl_typesupport_c/unitree_go/msg/lidar_state__type_support.cpp.o
[187.571s] [ 66%] Building CXX object CMakeFiles/unitree_go__rosidl_typesupport_c.dir/rosidl_typesupport_c/unitree_go/msg/low_cmd__type_support.cpp.o
[187.704s] [ 67%] Building CXX object CMakeFiles/unitree_go__rosidl_typesupport_c.dir/rosidl_typesupport_c/unitree_go/msg/low_state__type_support.cpp.o
[187.829s] [ 67%] Building CXX object CMakeFiles/unitree_go__rosidl_typesupport_c.dir/rosidl_typesupport_c/unitree_go/msg/motor_cmd__type_support.cpp.o
[187.941s] [ 68%] Building CXX object CMakeFiles/unitree_go__rosidl_typesupport_c.dir/rosidl_typesupport_c/unitree_go/msg/motor_cmds__type_support.cpp.o
[188.046s] [ 68%] Building CXX object CMakeFiles/unitree_go__rosidl_typesupport_c.dir/rosidl_typesupport_c/unitree_go/msg/motor_state__type_support.cpp.o
[188.168s] [ 69%] Building CXX object CMakeFiles/unitree_go__rosidl_typesupport_c.dir/rosidl_typesupport_c/unitree_go/msg/motor_states__type_support.cpp.o
[188.280s] [ 69%] Building CXX object CMakeFiles/unitree_go__rosidl_typesupport_c.dir/rosidl_typesupport_c/unitree_go/msg/path_point__type_support.cpp.o
[188.400s] [ 70%] Building CXX object CMakeFiles/unitree_go__rosidl_typesupport_c.dir/rosidl_typesupport_c/unitree_go/msg/req__type_support.cpp.o
[188.527s] [ 70%] Building CXX object CMakeFiles/unitree_go__rosidl_typesupport_c.dir/rosidl_typesupport_c/unitree_go/msg/res__type_support.cpp.o
[188.658s] [ 71%] Building CXX object CMakeFiles/unitree_go__rosidl_typesupport_c.dir/rosidl_typesupport_c/unitree_go/msg/sport_mode_cmd__type_support.cpp.o
[188.770s] [ 71%] Building CXX object CMakeFiles/unitree_go__rosidl_typesupport_c.dir/rosidl_typesupport_c/unitree_go/msg/sport_mode_state__type_support.cpp.o
[188.883s] [ 72%] Building CXX object CMakeFiles/unitree_go__rosidl_typesupport_c.dir/rosidl_typesupport_c/unitree_go/msg/time_spec__type_support.cpp.o
[189.003s] [ 72%] Building CXX object CMakeFiles/unitree_go__rosidl_typesupport_c.dir/rosidl_typesupport_c/unitree_go/msg/uwb_state__type_support.cpp.o
[189.120s] [ 72%] Building CXX object CMakeFiles/unitree_go__rosidl_typesupport_c.dir/rosidl_typesupport_c/unitree_go/msg/uwb_switch__type_support.cpp.o
[189.250s] [ 73%] Building CXX object CMakeFiles/unitree_go__rosidl_typesupport_c.dir/rosidl_typesupport_c/unitree_go/msg/wireless_controller__type_support.cpp.o
[189.377s] [ 73%] Linking CXX shared library libunitree_go__rosidl_typesupport_c.so
[189.608s] [ 73%] Built target unitree_go__rosidl_typesupport_c
[189.652s] [ 74%] Generating C type support for eProsima Fast-RTPS
[196.938s] [ 74%] Building CXX object CMakeFiles/unitree_go__rosidl_typesupport_fastrtps_c.dir/rosidl_typesupport_fastrtps_c/unitree_go/msg/detail/audio_data__type_support_c.cpp.o
[198.484s] [ 74%] Building CXX object CMakeFiles/unitree_go__rosidl_typesupport_fastrtps_c.dir/rosidl_typesupport_fastrtps_c/unitree_go/msg/detail/bms_state__type_support_c.cpp.o
[200.026s] [ 75%] Building CXX object CMakeFiles/unitree_go__rosidl_typesupport_fastrtps_c.dir/rosidl_typesupport_fastrtps_c/unitree_go/msg/detail/error__type_support_c.cpp.o
[201.403s] [ 75%] Building CXX object CMakeFiles/unitree_go__rosidl_typesupport_fastrtps_c.dir/rosidl_typesupport_fastrtps_c/unitree_go/msg/detail/go2_front_video_data__type_support_c.cpp.o
[202.888s] [ 75%] Building CXX object CMakeFiles/unitree_go__rosidl_typesupport_fastrtps_c.dir/rosidl_typesupport_fastrtps_c/unitree_go/msg/detail/height_map__type_support_c.cpp.o
[204.348s] [ 76%] Building CXX object CMakeFiles/unitree_go__rosidl_typesupport_fastrtps_c.dir/rosidl_typesupport_fastrtps_c/unitree_go/msg/detail/imu_state__type_support_c.cpp.o
[205.731s] [ 76%] Building CXX object CMakeFiles/unitree_go__rosidl_typesupport_fastrtps_c.dir/rosidl_typesupport_fastrtps_c/unitree_go/msg/detail/interface_config__type_support_c.cpp.o
[207.020s] [ 77%] Building CXX object CMakeFiles/unitree_go__rosidl_typesupport_fastrtps_c.dir/rosidl_typesupport_fastrtps_c/unitree_go/msg/detail/lidar_state__type_support_c.cpp.o
[208.311s] [ 77%] Building CXX object CMakeFiles/unitree_go__rosidl_typesupport_fastrtps_c.dir/rosidl_typesupport_fastrtps_c/unitree_go/msg/detail/low_cmd__type_support_c.cpp.o
[209.614s] [ 78%] Building CXX object CMakeFiles/unitree_go__rosidl_typesupport_fastrtps_c.dir/rosidl_typesupport_fastrtps_c/unitree_go/msg/detail/low_state__type_support_c.cpp.o
[211.025s] [ 78%] Building CXX object CMakeFiles/unitree_go__rosidl_typesupport_fastrtps_c.dir/rosidl_typesupport_fastrtps_c/unitree_go/msg/detail/motor_cmd__type_support_c.cpp.o
[212.534s] [ 79%] Building CXX object CMakeFiles/unitree_go__rosidl_typesupport_fastrtps_c.dir/rosidl_typesupport_fastrtps_c/unitree_go/msg/detail/motor_cmds__type_support_c.cpp.o
[213.887s] [ 79%] Building CXX object CMakeFiles/unitree_go__rosidl_typesupport_fastrtps_c.dir/rosidl_typesupport_fastrtps_c/unitree_go/msg/detail/motor_state__type_support_c.cpp.o
[215.255s] [ 80%] Building CXX object CMakeFiles/unitree_go__rosidl_typesupport_fastrtps_c.dir/rosidl_typesupport_fastrtps_c/unitree_go/msg/detail/motor_states__type_support_c.cpp.o
[216.642s] [ 80%] Building CXX object CMakeFiles/unitree_go__rosidl_typesupport_fastrtps_c.dir/rosidl_typesupport_fastrtps_c/unitree_go/msg/detail/path_point__type_support_c.cpp.o
[218.140s] [ 81%] Building CXX object CMakeFiles/unitree_go__rosidl_typesupport_fastrtps_c.dir/rosidl_typesupport_fastrtps_c/unitree_go/msg/detail/req__type_support_c.cpp.o
[219.579s] [ 81%] Building CXX object CMakeFiles/unitree_go__rosidl_typesupport_fastrtps_c.dir/rosidl_typesupport_fastrtps_c/unitree_go/msg/detail/res__type_support_c.cpp.o
[221.051s] [ 81%] Building CXX object CMakeFiles/unitree_go__rosidl_typesupport_fastrtps_c.dir/rosidl_typesupport_fastrtps_c/unitree_go/msg/detail/sport_mode_cmd__type_support_c.cpp.o
[222.523s] [ 82%] Building CXX object CMakeFiles/unitree_go__rosidl_typesupport_fastrtps_c.dir/rosidl_typesupport_fastrtps_c/unitree_go/msg/detail/sport_mode_state__type_support_c.cpp.o
[224.131s] [ 82%] Building CXX object CMakeFiles/unitree_go__rosidl_typesupport_fastrtps_c.dir/rosidl_typesupport_fastrtps_c/unitree_go/msg/detail/time_spec__type_support_c.cpp.o
[225.527s] [ 83%] Building CXX object CMakeFiles/unitree_go__rosidl_typesupport_fastrtps_c.dir/rosidl_typesupport_fastrtps_c/unitree_go/msg/detail/uwb_state__type_support_c.cpp.o
[226.921s] [ 83%] Building CXX object CMakeFiles/unitree_go__rosidl_typesupport_fastrtps_c.dir/rosidl_typesupport_fastrtps_c/unitree_go/msg/detail/uwb_switch__type_support_c.cpp.o
[228.268s] [ 84%] Building CXX object CMakeFiles/unitree_go__rosidl_typesupport_fastrtps_c.dir/rosidl_typesupport_fastrtps_c/unitree_go/msg/detail/wireless_controller__type_support_c.cpp.o
[229.624s] [ 85%] Building CXX object CMakeFiles/unitree_go__rosidl_typesupport_fastrtps_c.dir/rosidl_typesupport_fastrtps_c/unitree_go/msg/detail/bms_cmd__type_support_c.cpp.o
[230.926s] [ 85%] Linking CXX shared library libunitree_go__rosidl_typesupport_fastrtps_c.so
[231.244s] [ 85%] Built target unitree_go__rosidl_typesupport_fastrtps_c
[232.062s] running egg_info
[232.064s] creating unitree_go.egg-info
[232.065s] writing unitree_go.egg-info/PKG-INFO
[232.065s] writing dependency_links to unitree_go.egg-info/dependency_links.txt
[232.065s] writing top-level names to unitree_go.egg-info/top_level.txt
[232.069s] writing manifest file 'unitree_go.egg-info/SOURCES.txt'
[232.072s] reading manifest file 'unitree_go.egg-info/SOURCES.txt'
[232.074s] writing manifest file 'unitree_go.egg-info/SOURCES.txt'
[232.164s] [ 85%] Built target ament_cmake_python_build_unitree_go_egg
[232.232s] [ 85%] Built target unitree_go
[232.307s] [ 86%] Generating Python code for ROS interfaces
[244.304s] [ 86%] Built target unitree_go__py
[244.389s] [ 86%] Building C object CMakeFiles/unitree_go__rosidl_generator_py.dir/rosidl_generator_py/unitree_go/msg/_audio_data_s.c.o
[244.394s] [ 87%] Building C object CMakeFiles/unitree_go__rosidl_generator_py.dir/rosidl_generator_py/unitree_go/msg/_bms_cmd_s.c.o
[244.800s] [ 88%] Building C object CMakeFiles/unitree_go__rosidl_generator_py.dir/rosidl_generator_py/unitree_go/msg/_error_s.c.o
[244.822s] [ 88%] Building C object CMakeFiles/unitree_go__rosidl_generator_py.dir/rosidl_generator_py/unitree_go/msg/_go2_front_video_data_s.c.o
[245.176s] [ 89%] Building C object CMakeFiles/unitree_go__rosidl_generator_py.dir/rosidl_generator_py/unitree_go/msg/_height_map_s.c.o
[245.286s] [ 89%] Building C object CMakeFiles/unitree_go__rosidl_generator_py.dir/rosidl_generator_py/unitree_go/msg/_imu_state_s.c.o
[245.629s] [ 90%] Building C object CMakeFiles/unitree_go__rosidl_generator_py.dir/rosidl_generator_py/unitree_go/msg/_interface_config_s.c.o
[245.742s] [ 90%] Building C object CMakeFiles/unitree_go__rosidl_generator_py.dir/rosidl_generator_py/unitree_go/msg/_lidar_state_s.c.o
[246.189s] [ 91%] Building C object CMakeFiles/unitree_go__rosidl_generator_py.dir/rosidl_generator_py/unitree_go/msg/_low_state_s.c.o
[246.698s] [ 91%] Building C object CMakeFiles/unitree_go__rosidl_generator_py.dir/rosidl_generator_py/unitree_go/msg/_motor_cmd_s.c.o
[247.119s] [ 92%] Building C object CMakeFiles/unitree_go__rosidl_generator_py.dir/rosidl_generator_py/unitree_go/msg/_motor_cmds_s.c.o
[247.514s] [ 92%] Building C object CMakeFiles/unitree_go__rosidl_generator_py.dir/rosidl_generator_py/unitree_go/msg/_motor_state_s.c.o
[247.973s] [ 93%] Building C object CMakeFiles/unitree_go__rosidl_generator_py.dir/rosidl_generator_py/unitree_go/msg/_motor_states_s.c.o
[248.389s] [ 93%] Building C object CMakeFiles/unitree_go__rosidl_generator_py.dir/rosidl_generator_py/unitree_go/msg/_path_point_s.c.o
[248.798s] [ 93%] Building C object CMakeFiles/unitree_go__rosidl_generator_py.dir/rosidl_generator_py/unitree_go/msg/_low_cmd_s.c.o
[248.798s] [ 94%] Building C object CMakeFiles/unitree_go__rosidl_generator_py.dir/rosidl_generator_py/unitree_go/msg/_req_s.c.o
[249.198s] [ 94%] Building C object CMakeFiles/unitree_go__rosidl_generator_py.dir/rosidl_generator_py/unitree_go/msg/_res_s.c.o
[249.295s] [ 95%] Building C object CMakeFiles/unitree_go__rosidl_generator_py.dir/rosidl_generator_py/unitree_go/msg/_sport_mode_cmd_s.c.o
[249.651s] [ 95%] Building C object CMakeFiles/unitree_go__rosidl_generator_py.dir/rosidl_generator_py/unitree_go/msg/_sport_mode_state_s.c.o
[249.775s] [ 96%] Building C object CMakeFiles/unitree_go__rosidl_generator_py.dir/rosidl_generator_py/unitree_go/msg/_time_spec_s.c.o
[250.135s] [ 96%] Building C object CMakeFiles/unitree_go__rosidl_generator_py.dir/rosidl_generator_py/unitree_go/msg/_uwb_state_s.c.o
[250.146s] [ 96%] Building C object CMakeFiles/unitree_go__rosidl_generator_py.dir/rosidl_generator_py/unitree_go/msg/_uwb_switch_s.c.o
[250.524s] [ 97%] Building C object CMakeFiles/unitree_go__rosidl_generator_py.dir/rosidl_generator_py/unitree_go/msg/_wireless_controller_s.c.o
[250.582s] [ 97%] Building C object CMakeFiles/unitree_go__rosidl_generator_py.dir/rosidl_generator_py/unitree_go/msg/_bms_state_s.c.o
[251.007s] [ 97%] Linking C shared library rosidl_generator_py/unitree_go/libunitree_go__rosidl_generator_py.so
[251.195s] [ 97%] Built target unitree_go__rosidl_generator_py
[251.261s] [ 99%] Building C object CMakeFiles/unitree_go__rosidl_typesupport_fastrtps_c__pyext.dir/rosidl_generator_py/unitree_go/_unitree_go_s.ep.rosidl_typesupport_fastrtps_c.c.o
[251.264s] [ 99%] Building C object CMakeFiles/unitree_go__rosidl_typesupport_introspection_c__pyext.dir/rosidl_generator_py/unitree_go/_unitree_go_s.ep.rosidl_typesupport_introspection_c.c.o
[251.914s] [ 99%] Linking C shared library rosidl_generator_py/unitree_go/unitree_go_s__rosidl_typesupport_fastrtps_c.cpython-310-x86_64-linux-gnu.so
[251.937s] [ 99%] Linking C shared library rosidl_generator_py/unitree_go/unitree_go_s__rosidl_typesupport_introspection_c.cpython-310-x86_64-linux-gnu.so
[252.092s] [ 99%] Built target unitree_go__rosidl_typesupport_fastrtps_c__pyext
[252.118s] [ 99%] Built target unitree_go__rosidl_typesupport_introspection_c__pyext
[252.169s] [100%] Building C object CMakeFiles/unitree_go__rosidl_typesupport_c__pyext.dir/rosidl_generator_py/unitree_go/_unitree_go_s.ep.rosidl_typesupport_c.c.o
[252.835s] [100%] Linking C shared library rosidl_generator_py/unitree_go/unitree_go_s__rosidl_typesupport_c.cpython-310-x86_64-linux-gnu.so
[253.004s] [100%] Built target unitree_go__rosidl_typesupport_c__pyext
[253.052s] Invoked command in '/home/lzbb/rk_inspection_ws/third_party/unitree_ros2/cyclonedds_ws/build/unitree_go' returned '0': CMAKE_PREFIX_PATH=${CMAKE_PREFIX_PATH}:/tmp/rk_rosidl_generator_dds_idl/opt/ros/humble:/opt/ros/humble /usr/bin/cmake --build /home/lzbb/rk_inspection_ws/third_party/unitree_ros2/cyclonedds_ws/build/unitree_go -- -j4 -l4
[253.055s] Invoking command in '/home/lzbb/rk_inspection_ws/third_party/unitree_ros2/cyclonedds_ws/build/unitree_go': CMAKE_PREFIX_PATH=${CMAKE_PREFIX_PATH}:/tmp/rk_rosidl_generator_dds_idl/opt/ros/humble:/opt/ros/humble /usr/bin/cmake --install /home/lzbb/rk_inspection_ws/third_party/unitree_ros2/cyclonedds_ws/build/unitree_go
[253.087s] -- Install configuration: ""
[253.092s] -- Execute custom install script
[253.093s] -- Symlinking: /home/lzbb/rk_inspection_ws/third_party/unitree_ros2/cyclonedds_ws/install/unitree_go/share/ament_index/resource_index/rosidl_interfaces/unitree_go
[253.127s] -- Symlinking: /home/lzbb/rk_inspection_ws/third_party/unitree_ros2/cyclonedds_ws/install/unitree_go/include/unitree_go/unitree_go/msg/audio_data.h
[253.158s] -- Symlinking: /home/lzbb/rk_inspection_ws/third_party/unitree_ros2/cyclonedds_ws/install/unitree_go/include/unitree_go/unitree_go/msg/bms_cmd.h
[253.191s] -- Symlinking: /home/lzbb/rk_inspection_ws/third_party/unitree_ros2/cyclonedds_ws/install/unitree_go/include/unitree_go/unitree_go/msg/bms_state.h
[253.220s] -- Symlinking: /home/lzbb/rk_inspection_ws/third_party/unitree_ros2/cyclonedds_ws/install/unitree_go/include/unitree_go/unitree_go/msg/detail/audio_data__functions.h
[253.250s] -- Symlinking: /home/lzbb/rk_inspection_ws/third_party/unitree_ros2/cyclonedds_ws/install/unitree_go/include/unitree_go/unitree_go/msg/detail/audio_data__struct.h
[253.280s] -- Symlinking: /home/lzbb/rk_inspection_ws/third_party/unitree_ros2/cyclonedds_ws/install/unitree_go/include/unitree_go/unitree_go/msg/detail/audio_data__type_support.h
[253.313s] -- Symlinking: /home/lzbb/rk_inspection_ws/third_party/unitree_ros2/cyclonedds_ws/install/unitree_go/include/unitree_go/unitree_go/msg/detail/bms_cmd__functions.h
[253.343s] -- Symlinking: /home/lzbb/rk_inspection_ws/third_party/unitree_ros2/cyclonedds_ws/install/unitree_go/include/unitree_go/unitree_go/msg/detail/bms_cmd__struct.h
[253.371s] -- Symlinking: /home/lzbb/rk_inspection_ws/third_party/unitree_ros2/cyclonedds_ws/install/unitree_go/include/unitree_go/unitree_go/msg/detail/bms_cmd__type_support.h
[253.404s] -- Symlinking: /home/lzbb/rk_inspection_ws/third_party/unitree_ros2/cyclonedds_ws/install/unitree_go/include/unitree_go/unitree_go/msg/detail/bms_state__functions.h
[253.437s] -- Symlinking: /home/lzbb/rk_inspection_ws/third_party/unitree_ros2/cyclonedds_ws/install/unitree_go/include/unitree_go/unitree_go/msg/detail/bms_state__struct.h
[253.473s] -- Symlinking: /home/lzbb/rk_inspection_ws/third_party/unitree_ros2/cyclonedds_ws/install/unitree_go/include/unitree_go/unitree_go/msg/detail/bms_state__type_support.h
[253.507s] -- Symlinking: /home/lzbb/rk_inspection_ws/third_party/unitree_ros2/cyclonedds_ws/install/unitree_go/include/unitree_go/unitree_go/msg/detail/error__functions.h
[253.545s] -- Symlinking: /home/lzbb/rk_inspection_ws/third_party/unitree_ros2/cyclonedds_ws/install/unitree_go/include/unitree_go/unitree_go/msg/detail/error__struct.h
[253.579s] -- Symlinking: /home/lzbb/rk_inspection_ws/third_party/unitree_ros2/cyclonedds_ws/install/unitree_go/include/unitree_go/unitree_go/msg/detail/error__type_support.h
[253.609s] -- Symlinking: /home/lzbb/rk_inspection_ws/third_party/unitree_ros2/cyclonedds_ws/install/unitree_go/include/unitree_go/unitree_go/msg/detail/go2_front_video_data__functions.h
[253.641s] -- Symlinking: /home/lzbb/rk_inspection_ws/third_party/unitree_ros2/cyclonedds_ws/install/unitree_go/include/unitree_go/unitree_go/msg/detail/go2_front_video_data__struct.h
[253.670s] -- Symlinking: /home/lzbb/rk_inspection_ws/third_party/unitree_ros2/cyclonedds_ws/install/unitree_go/include/unitree_go/unitree_go/msg/detail/go2_front_video_data__type_support.h
[253.705s] -- Symlinking: /home/lzbb/rk_inspection_ws/third_party/unitree_ros2/cyclonedds_ws/install/unitree_go/include/unitree_go/unitree_go/msg/detail/height_map__functions.h
[253.741s] -- Symlinking: /home/lzbb/rk_inspection_ws/third_party/unitree_ros2/cyclonedds_ws/install/unitree_go/include/unitree_go/unitree_go/msg/detail/height_map__struct.h
[253.777s] -- Symlinking: /home/lzbb/rk_inspection_ws/third_party/unitree_ros2/cyclonedds_ws/install/unitree_go/include/unitree_go/unitree_go/msg/detail/height_map__type_support.h
[253.811s] -- Symlinking: /home/lzbb/rk_inspection_ws/third_party/unitree_ros2/cyclonedds_ws/install/unitree_go/include/unitree_go/unitree_go/msg/detail/imu_state__functions.h
[253.846s] -- Symlinking: /home/lzbb/rk_inspection_ws/third_party/unitree_ros2/cyclonedds_ws/install/unitree_go/include/unitree_go/unitree_go/msg/detail/imu_state__struct.h
[253.879s] -- Symlinking: /home/lzbb/rk_inspection_ws/third_party/unitree_ros2/cyclonedds_ws/install/unitree_go/include/unitree_go/unitree_go/msg/detail/imu_state__type_support.h
[253.913s] -- Symlinking: /home/lzbb/rk_inspection_ws/third_party/unitree_ros2/cyclonedds_ws/install/unitree_go/include/unitree_go/unitree_go/msg/detail/interface_config__functions.h
[253.947s] -- Symlinking: /home/lzbb/rk_inspection_ws/third_party/unitree_ros2/cyclonedds_ws/install/unitree_go/include/unitree_go/unitree_go/msg/detail/interface_config__struct.h
[253.989s] -- Symlinking: /home/lzbb/rk_inspection_ws/third_party/unitree_ros2/cyclonedds_ws/install/unitree_go/include/unitree_go/unitree_go/msg/detail/interface_config__type_support.h
[254.020s] -- Symlinking: /home/lzbb/rk_inspection_ws/third_party/unitree_ros2/cyclonedds_ws/install/unitree_go/include/unitree_go/unitree_go/msg/detail/lidar_state__functions.h
[254.055s] -- Symlinking: /home/lzbb/rk_inspection_ws/third_party/unitree_ros2/cyclonedds_ws/install/unitree_go/include/unitree_go/unitree_go/msg/detail/lidar_state__struct.h
[254.090s] -- Symlinking: /home/lzbb/rk_inspection_ws/third_party/unitree_ros2/cyclonedds_ws/install/unitree_go/include/unitree_go/unitree_go/msg/detail/lidar_state__type_support.h
[254.119s] -- Symlinking: /home/lzbb/rk_inspection_ws/third_party/unitree_ros2/cyclonedds_ws/install/unitree_go/include/unitree_go/unitree_go/msg/detail/low_cmd__functions.h
[254.145s] -- Symlinking: /home/lzbb/rk_inspection_ws/third_party/unitree_ros2/cyclonedds_ws/install/unitree_go/include/unitree_go/unitree_go/msg/detail/low_cmd__struct.h
[254.181s] -- Symlinking: /home/lzbb/rk_inspection_ws/third_party/unitree_ros2/cyclonedds_ws/install/unitree_go/include/unitree_go/unitree_go/msg/detail/low_cmd__type_support.h
[254.210s] -- Symlinking: /home/lzbb/rk_inspection_ws/third_party/unitree_ros2/cyclonedds_ws/install/unitree_go/include/unitree_go/unitree_go/msg/detail/low_state__functions.h
[254.281s] -- Symlinking: /home/lzbb/rk_inspection_ws/third_party/unitree_ros2/cyclonedds_ws/install/unitree_go/include/unitree_go/unitree_go/msg/detail/low_state__struct.h
[254.281s] -- Symlinking: /home/lzbb/rk_inspection_ws/third_party/unitree_ros2/cyclonedds_ws/install/unitree_go/include/unitree_go/unitree_go/msg/detail/low_state__type_support.h
[254.314s] -- Symlinking: /home/lzbb/rk_inspection_ws/third_party/unitree_ros2/cyclonedds_ws/install/unitree_go/include/unitree_go/unitree_go/msg/detail/motor_cmd__functions.h
[254.354s] -- Symlinking: /home/lzbb/rk_inspection_ws/third_party/unitree_ros2/cyclonedds_ws/install/unitree_go/include/unitree_go/unitree_go/msg/detail/motor_cmd__struct.h
[254.387s] -- Symlinking: /home/lzbb/rk_inspection_ws/third_party/unitree_ros2/cyclonedds_ws/install/unitree_go/include/unitree_go/unitree_go/msg/detail/motor_cmd__type_support.h
[254.414s] -- Symlinking: /home/lzbb/rk_inspection_ws/third_party/unitree_ros2/cyclonedds_ws/install/unitree_go/include/unitree_go/unitree_go/msg/detail/motor_cmds__functions.h
[254.439s] -- Symlinking: /home/lzbb/rk_inspection_ws/third_party/unitree_ros2/cyclonedds_ws/install/unitree_go/include/unitree_go/unitree_go/msg/detail/motor_cmds__struct.h
[254.481s] -- Symlinking: /home/lzbb/rk_inspection_ws/third_party/unitree_ros2/cyclonedds_ws/install/unitree_go/include/unitree_go/unitree_go/msg/detail/motor_cmds__type_support.h
[254.515s] -- Symlinking: /home/lzbb/rk_inspection_ws/third_party/unitree_ros2/cyclonedds_ws/install/unitree_go/include/unitree_go/unitree_go/msg/detail/motor_state__functions.h
[254.542s] -- Symlinking: /home/lzbb/rk_inspection_ws/third_party/unitree_ros2/cyclonedds_ws/install/unitree_go/include/unitree_go/unitree_go/msg/detail/motor_state__struct.h
[254.573s] -- Symlinking: /home/lzbb/rk_inspection_ws/third_party/unitree_ros2/cyclonedds_ws/install/unitree_go/include/unitree_go/unitree_go/msg/detail/motor_state__type_support.h
[254.599s] -- Symlinking: /home/lzbb/rk_inspection_ws/third_party/unitree_ros2/cyclonedds_ws/install/unitree_go/include/unitree_go/unitree_go/msg/detail/motor_states__functions.h
[254.629s] -- Symlinking: /home/lzbb/rk_inspection_ws/third_party/unitree_ros2/cyclonedds_ws/install/unitree_go/include/unitree_go/unitree_go/msg/detail/motor_states__struct.h
[254.667s] -- Symlinking: /home/lzbb/rk_inspection_ws/third_party/unitree_ros2/cyclonedds_ws/install/unitree_go/include/unitree_go/unitree_go/msg/detail/motor_states__type_support.h
[254.699s] -- Symlinking: /home/lzbb/rk_inspection_ws/third_party/unitree_ros2/cyclonedds_ws/install/unitree_go/include/unitree_go/unitree_go/msg/detail/path_point__functions.h
[254.733s] -- Symlinking: /home/lzbb/rk_inspection_ws/third_party/unitree_ros2/cyclonedds_ws/install/unitree_go/include/unitree_go/unitree_go/msg/detail/path_point__struct.h
[254.762s] -- Symlinking: /home/lzbb/rk_inspection_ws/third_party/unitree_ros2/cyclonedds_ws/install/unitree_go/include/unitree_go/unitree_go/msg/detail/path_point__type_support.h
[254.799s] -- Symlinking: /home/lzbb/rk_inspection_ws/third_party/unitree_ros2/cyclonedds_ws/install/unitree_go/include/unitree_go/unitree_go/msg/detail/req__functions.h
[254.842s] -- Symlinking: /home/lzbb/rk_inspection_ws/third_party/unitree_ros2/cyclonedds_ws/install/unitree_go/include/unitree_go/unitree_go/msg/detail/req__struct.h
[254.873s] -- Symlinking: /home/lzbb/rk_inspection_ws/third_party/unitree_ros2/cyclonedds_ws/install/unitree_go/include/unitree_go/unitree_go/msg/detail/req__type_support.h
[254.899s] -- Symlinking: /home/lzbb/rk_inspection_ws/third_party/unitree_ros2/cyclonedds_ws/install/unitree_go/include/unitree_go/unitree_go/msg/detail/res__functions.h
[254.937s] -- Symlinking: /home/lzbb/rk_inspection_ws/third_party/unitree_ros2/cyclonedds_ws/install/unitree_go/include/unitree_go/unitree_go/msg/detail/res__struct.h
[254.987s] -- Symlinking: /home/lzbb/rk_inspection_ws/third_party/unitree_ros2/cyclonedds_ws/install/unitree_go/include/unitree_go/unitree_go/msg/detail/res__type_support.h
[255.026s] -- Symlinking: /home/lzbb/rk_inspection_ws/third_party/unitree_ros2/cyclonedds_ws/install/unitree_go/include/unitree_go/unitree_go/msg/detail/sport_mode_cmd__functions.h
[255.061s] -- Symlinking: /home/lzbb/rk_inspection_ws/third_party/unitree_ros2/cyclonedds_ws/install/unitree_go/include/unitree_go/unitree_go/msg/detail/sport_mode_cmd__struct.h
[255.093s] -- Symlinking: /home/lzbb/rk_inspection_ws/third_party/unitree_ros2/cyclonedds_ws/install/unitree_go/include/unitree_go/unitree_go/msg/detail/sport_mode_cmd__type_support.h
[255.123s] -- Symlinking: /home/lzbb/rk_inspection_ws/third_party/unitree_ros2/cyclonedds_ws/install/unitree_go/include/unitree_go/unitree_go/msg/detail/sport_mode_state__functions.h
[255.154s] -- Symlinking: /home/lzbb/rk_inspection_ws/third_party/unitree_ros2/cyclonedds_ws/install/unitree_go/include/unitree_go/unitree_go/msg/detail/sport_mode_state__struct.h
[255.175s] -- Symlinking: /home/lzbb/rk_inspection_ws/third_party/unitree_ros2/cyclonedds_ws/install/unitree_go/include/unitree_go/unitree_go/msg/detail/sport_mode_state__type_support.h
[255.214s] -- Symlinking: /home/lzbb/rk_inspection_ws/third_party/unitree_ros2/cyclonedds_ws/install/unitree_go/include/unitree_go/unitree_go/msg/detail/time_spec__functions.h
[255.249s] -- Symlinking: /home/lzbb/rk_inspection_ws/third_party/unitree_ros2/cyclonedds_ws/install/unitree_go/include/unitree_go/unitree_go/msg/detail/time_spec__struct.h
[255.283s] -- Symlinking: /home/lzbb/rk_inspection_ws/third_party/unitree_ros2/cyclonedds_ws/install/unitree_go/include/unitree_go/unitree_go/msg/detail/time_spec__type_support.h
[255.323s] -- Symlinking: /home/lzbb/rk_inspection_ws/third_party/unitree_ros2/cyclonedds_ws/install/unitree_go/include/unitree_go/unitree_go/msg/detail/uwb_state__functions.h
[255.357s] -- Symlinking: /home/lzbb/rk_inspection_ws/third_party/unitree_ros2/cyclonedds_ws/install/unitree_go/include/unitree_go/unitree_go/msg/detail/uwb_state__struct.h
[255.396s] -- Symlinking: /home/lzbb/rk_inspection_ws/third_party/unitree_ros2/cyclonedds_ws/install/unitree_go/include/unitree_go/unitree_go/msg/detail/uwb_state__type_support.h
[255.426s] -- Symlinking: /home/lzbb/rk_inspection_ws/third_party/unitree_ros2/cyclonedds_ws/install/unitree_go/include/unitree_go/unitree_go/msg/detail/uwb_switch__functions.h
[255.455s] -- Symlinking: /home/lzbb/rk_inspection_ws/third_party/unitree_ros2/cyclonedds_ws/install/unitree_go/include/unitree_go/unitree_go/msg/detail/uwb_switch__struct.h
[255.489s] -- Symlinking: /home/lzbb/rk_inspection_ws/third_party/unitree_ros2/cyclonedds_ws/install/unitree_go/include/unitree_go/unitree_go/msg/detail/uwb_switch__type_support.h
[255.526s] -- Symlinking: /home/lzbb/rk_inspection_ws/third_party/unitree_ros2/cyclonedds_ws/install/unitree_go/include/unitree_go/unitree_go/msg/detail/wireless_controller__functions.h
[255.552s] -- Symlinking: /home/lzbb/rk_inspection_ws/third_party/unitree_ros2/cyclonedds_ws/install/unitree_go/include/unitree_go/unitree_go/msg/detail/wireless_controller__struct.h
[255.579s] -- Symlinking: /home/lzbb/rk_inspection_ws/third_party/unitree_ros2/cyclonedds_ws/install/unitree_go/include/unitree_go/unitree_go/msg/detail/wireless_controller__type_support.h
[255.608s] -- Symlinking: /home/lzbb/rk_inspection_ws/third_party/unitree_ros2/cyclonedds_ws/install/unitree_go/include/unitree_go/unitree_go/msg/error.h
[255.633s] -- Symlinking: /home/lzbb/rk_inspection_ws/third_party/unitree_ros2/cyclonedds_ws/install/unitree_go/include/unitree_go/unitree_go/msg/go2_front_video_data.h
[255.669s] -- Symlinking: /home/lzbb/rk_inspection_ws/third_party/unitree_ros2/cyclonedds_ws/install/unitree_go/include/unitree_go/unitree_go/msg/height_map.h
[255.697s] -- Symlinking: /home/lzbb/rk_inspection_ws/third_party/unitree_ros2/cyclonedds_ws/install/unitree_go/include/unitree_go/unitree_go/msg/imu_state.h
[255.727s] -- Symlinking: /home/lzbb/rk_inspection_ws/third_party/unitree_ros2/cyclonedds_ws/install/unitree_go/include/unitree_go/unitree_go/msg/interface_config.h
[255.759s] -- Symlinking: /home/lzbb/rk_inspection_ws/third_party/unitree_ros2/cyclonedds_ws/install/unitree_go/include/unitree_go/unitree_go/msg/lidar_state.h
[255.785s] -- Symlinking: /home/lzbb/rk_inspection_ws/third_party/unitree_ros2/cyclonedds_ws/install/unitree_go/include/unitree_go/unitree_go/msg/low_cmd.h
[255.815s] -- Symlinking: /home/lzbb/rk_inspection_ws/third_party/unitree_ros2/cyclonedds_ws/install/unitree_go/include/unitree_go/unitree_go/msg/low_state.h
[255.845s] -- Symlinking: /home/lzbb/rk_inspection_ws/third_party/unitree_ros2/cyclonedds_ws/install/unitree_go/include/unitree_go/unitree_go/msg/motor_cmd.h
[255.874s] -- Symlinking: /home/lzbb/rk_inspection_ws/third_party/unitree_ros2/cyclonedds_ws/install/unitree_go/include/unitree_go/unitree_go/msg/motor_cmds.h
[255.903s] -- Symlinking: /home/lzbb/rk_inspection_ws/third_party/unitree_ros2/cyclonedds_ws/install/unitree_go/include/unitree_go/unitree_go/msg/motor_state.h
[255.931s] -- Symlinking: /home/lzbb/rk_inspection_ws/third_party/unitree_ros2/cyclonedds_ws/install/unitree_go/include/unitree_go/unitree_go/msg/motor_states.h
[255.959s] -- Symlinking: /home/lzbb/rk_inspection_ws/third_party/unitree_ros2/cyclonedds_ws/install/unitree_go/include/unitree_go/unitree_go/msg/path_point.h
[255.985s] -- Symlinking: /home/lzbb/rk_inspection_ws/third_party/unitree_ros2/cyclonedds_ws/install/unitree_go/include/unitree_go/unitree_go/msg/req.h
[256.013s] -- Symlinking: /home/lzbb/rk_inspection_ws/third_party/unitree_ros2/cyclonedds_ws/install/unitree_go/include/unitree_go/unitree_go/msg/res.h
[256.044s] -- Symlinking: /home/lzbb/rk_inspection_ws/third_party/unitree_ros2/cyclonedds_ws/install/unitree_go/include/unitree_go/unitree_go/msg/rosidl_generator_c__visibility_control.h
[256.070s] -- Symlinking: /home/lzbb/rk_inspection_ws/third_party/unitree_ros2/cyclonedds_ws/install/unitree_go/include/unitree_go/unitree_go/msg/sport_mode_cmd.h
[256.099s] -- Symlinking: /home/lzbb/rk_inspection_ws/third_party/unitree_ros2/cyclonedds_ws/install/unitree_go/include/unitree_go/unitree_go/msg/sport_mode_state.h
[256.124s] -- Symlinking: /home/lzbb/rk_inspection_ws/third_party/unitree_ros2/cyclonedds_ws/install/unitree_go/include/unitree_go/unitree_go/msg/time_spec.h
[256.154s] -- Symlinking: /home/lzbb/rk_inspection_ws/third_party/unitree_ros2/cyclonedds_ws/install/unitree_go/include/unitree_go/unitree_go/msg/uwb_state.h
[256.181s] -- Symlinking: /home/lzbb/rk_inspection_ws/third_party/unitree_ros2/cyclonedds_ws/install/unitree_go/include/unitree_go/unitree_go/msg/uwb_switch.h
[256.204s] -- Symlinking: /home/lzbb/rk_inspection_ws/third_party/unitree_ros2/cyclonedds_ws/install/unitree_go/include/unitree_go/unitree_go/msg/wireless_controller.h
[256.235s] -- Symlinking: /home/lzbb/rk_inspection_ws/third_party/unitree_ros2/cyclonedds_ws/install/unitree_go/share/unitree_go/environment/library_path.sh
[256.265s] -- Symlinking: /home/lzbb/rk_inspection_ws/third_party/unitree_ros2/cyclonedds_ws/install/unitree_go/share/unitree_go/environment/library_path.dsv
[256.301s] -- Symlinking: /home/lzbb/rk_inspection_ws/third_party/unitree_ros2/cyclonedds_ws/install/unitree_go/include/unitree_go/unitree_go/msg/detail/audio_data__rosidl_typesupport_fastrtps_c.h
[256.332s] -- Symlinking: /home/lzbb/rk_inspection_ws/third_party/unitree_ros2/cyclonedds_ws/install/unitree_go/include/unitree_go/unitree_go/msg/detail/bms_cmd__rosidl_typesupport_fastrtps_c.h
[256.366s] -- Symlinking: /home/lzbb/rk_inspection_ws/third_party/unitree_ros2/cyclonedds_ws/install/unitree_go/include/unitree_go/unitree_go/msg/detail/bms_state__rosidl_typesupport_fastrtps_c.h
[256.402s] -- Symlinking: /home/lzbb/rk_inspection_ws/third_party/unitree_ros2/cyclonedds_ws/install/unitree_go/include/unitree_go/unitree_go/msg/detail/error__rosidl_typesupport_fastrtps_c.h
[256.437s] -- Symlinking: /home/lzbb/rk_inspection_ws/third_party/unitree_ros2/cyclonedds_ws/install/unitree_go/include/unitree_go/unitree_go/msg/detail/go2_front_video_data__rosidl_typesupport_fastrtps_c.h
[256.468s] -- Symlinking: /home/lzbb/rk_inspection_ws/third_party/unitree_ros2/cyclonedds_ws/install/unitree_go/include/unitree_go/unitree_go/msg/detail/height_map__rosidl_typesupport_fastrtps_c.h
[256.500s] -- Symlinking: /home/lzbb/rk_inspection_ws/third_party/unitree_ros2/cyclonedds_ws/install/unitree_go/include/unitree_go/unitree_go/msg/detail/imu_state__rosidl_typesupport_fastrtps_c.h
[256.529s] -- Symlinking: /home/lzbb/rk_inspection_ws/third_party/unitree_ros2/cyclonedds_ws/install/unitree_go/include/unitree_go/unitree_go/msg/detail/interface_config__rosidl_typesupport_fastrtps_c.h
[256.554s] -- Symlinking: /home/lzbb/rk_inspection_ws/third_party/unitree_ros2/cyclonedds_ws/install/unitree_go/include/unitree_go/unitree_go/msg/detail/lidar_state__rosidl_typesupport_fastrtps_c.h
[256.588s] -- Symlinking: /home/lzbb/rk_inspection_ws/third_party/unitree_ros2/cyclonedds_ws/install/unitree_go/include/unitree_go/unitree_go/msg/detail/low_cmd__rosidl_typesupport_fastrtps_c.h
[256.620s] -- Symlinking: /home/lzbb/rk_inspection_ws/third_party/unitree_ros2/cyclonedds_ws/install/unitree_go/include/unitree_go/unitree_go/msg/detail/low_state__rosidl_typesupport_fastrtps_c.h
[256.648s] -- Symlinking: /home/lzbb/rk_inspection_ws/third_party/unitree_ros2/cyclonedds_ws/install/unitree_go/include/unitree_go/unitree_go/msg/detail/motor_cmd__rosidl_typesupport_fastrtps_c.h
[256.673s] -- Symlinking: /home/lzbb/rk_inspection_ws/third_party/unitree_ros2/cyclonedds_ws/install/unitree_go/include/unitree_go/unitree_go/msg/detail/motor_cmds__rosidl_typesupport_fastrtps_c.h
[256.704s] -- Symlinking: /home/lzbb/rk_inspection_ws/third_party/unitree_ros2/cyclonedds_ws/install/unitree_go/include/unitree_go/unitree_go/msg/detail/motor_state__rosidl_typesupport_fastrtps_c.h
[256.734s] -- Symlinking: /home/lzbb/rk_inspection_ws/third_party/unitree_ros2/cyclonedds_ws/install/unitree_go/include/unitree_go/unitree_go/msg/detail/motor_states__rosidl_typesupport_fastrtps_c.h
[256.764s] -- Symlinking: /home/lzbb/rk_inspection_ws/third_party/unitree_ros2/cyclonedds_ws/install/unitree_go/include/unitree_go/unitree_go/msg/detail/path_point__rosidl_typesupport_fastrtps_c.h
[256.794s] -- Symlinking: /home/lzbb/rk_inspection_ws/third_party/unitree_ros2/cyclonedds_ws/install/unitree_go/include/unitree_go/unitree_go/msg/detail/req__rosidl_typesupport_fastrtps_c.h
[256.824s] -- Symlinking: /home/lzbb/rk_inspection_ws/third_party/unitree_ros2/cyclonedds_ws/install/unitree_go/include/unitree_go/unitree_go/msg/detail/res__rosidl_typesupport_fastrtps_c.h
[256.856s] -- Symlinking: /home/lzbb/rk_inspection_ws/third_party/unitree_ros2/cyclonedds_ws/install/unitree_go/include/unitree_go/unitree_go/msg/detail/sport_mode_cmd__rosidl_typesupport_fastrtps_c.h
[256.884s] -- Symlinking: /home/lzbb/rk_inspection_ws/third_party/unitree_ros2/cyclonedds_ws/install/unitree_go/include/unitree_go/unitree_go/msg/detail/sport_mode_state__rosidl_typesupport_fastrtps_c.h
[256.914s] -- Symlinking: /home/lzbb/rk_inspection_ws/third_party/unitree_ros2/cyclonedds_ws/install/unitree_go/include/unitree_go/unitree_go/msg/detail/time_spec__rosidl_typesupport_fastrtps_c.h
[256.946s] -- Symlinking: /home/lzbb/rk_inspection_ws/third_party/unitree_ros2/cyclonedds_ws/install/unitree_go/include/unitree_go/unitree_go/msg/detail/uwb_state__rosidl_typesupport_fastrtps_c.h
[256.970s] -- Symlinking: /home/lzbb/rk_inspection_ws/third_party/unitree_ros2/cyclonedds_ws/install/unitree_go/include/unitree_go/unitree_go/msg/detail/uwb_switch__rosidl_typesupport_fastrtps_c.h
[257.004s] -- Symlinking: /home/lzbb/rk_inspection_ws/third_party/unitree_ros2/cyclonedds_ws/install/unitree_go/include/unitree_go/unitree_go/msg/detail/wireless_controller__rosidl_typesupport_fastrtps_c.h
[257.037s] -- Symlinking: /home/lzbb/rk_inspection_ws/third_party/unitree_ros2/cyclonedds_ws/install/unitree_go/include/unitree_go/unitree_go/msg/rosidl_typesupport_fastrtps_c__visibility_control.h
[257.077s] -- Symlinking: /home/lzbb/rk_inspection_ws/third_party/unitree_ros2/cyclonedds_ws/install/unitree_go/include/unitree_go/unitree_go/msg/audio_data.hpp
[257.103s] -- Symlinking: /home/lzbb/rk_inspection_ws/third_party/unitree_ros2/cyclonedds_ws/install/unitree_go/include/unitree_go/unitree_go/msg/bms_cmd.hpp
[257.124s] -- Symlinking: /home/lzbb/rk_inspection_ws/third_party/unitree_ros2/cyclonedds_ws/install/unitree_go/include/unitree_go/unitree_go/msg/bms_state.hpp
[257.157s] -- Symlinking: /home/lzbb/rk_inspection_ws/third_party/unitree_ros2/cyclonedds_ws/install/unitree_go/include/unitree_go/unitree_go/msg/detail/audio_data__builder.hpp
[257.185s] -- Symlinking: /home/lzbb/rk_inspection_ws/third_party/unitree_ros2/cyclonedds_ws/install/unitree_go/include/unitree_go/unitree_go/msg/detail/audio_data__struct.hpp
[257.213s] -- Symlinking: /home/lzbb/rk_inspection_ws/third_party/unitree_ros2/cyclonedds_ws/install/unitree_go/include/unitree_go/unitree_go/msg/detail/audio_data__traits.hpp
[257.244s] -- Symlinking: /home/lzbb/rk_inspection_ws/third_party/unitree_ros2/cyclonedds_ws/install/unitree_go/include/unitree_go/unitree_go/msg/detail/audio_data__type_support.hpp
[257.272s] -- Symlinking: /home/lzbb/rk_inspection_ws/third_party/unitree_ros2/cyclonedds_ws/install/unitree_go/include/unitree_go/unitree_go/msg/detail/bms_cmd__builder.hpp
[257.301s] -- Symlinking: /home/lzbb/rk_inspection_ws/third_party/unitree_ros2/cyclonedds_ws/install/unitree_go/include/unitree_go/unitree_go/msg/detail/bms_cmd__struct.hpp
[257.321s] -- Symlinking: /home/lzbb/rk_inspection_ws/third_party/unitree_ros2/cyclonedds_ws/install/unitree_go/include/unitree_go/unitree_go/msg/detail/bms_cmd__traits.hpp
[257.348s] -- Symlinking: /home/lzbb/rk_inspection_ws/third_party/unitree_ros2/cyclonedds_ws/install/unitree_go/include/unitree_go/unitree_go/msg/detail/bms_cmd__type_support.hpp
[257.381s] -- Symlinking: /home/lzbb/rk_inspection_ws/third_party/unitree_ros2/cyclonedds_ws/install/unitree_go/include/unitree_go/unitree_go/msg/detail/bms_state__builder.hpp
[257.411s] -- Symlinking: /home/lzbb/rk_inspection_ws/third_party/unitree_ros2/cyclonedds_ws/install/unitree_go/include/unitree_go/unitree_go/msg/detail/bms_state__struct.hpp
[257.440s] -- Symlinking: /home/lzbb/rk_inspection_ws/third_party/unitree_ros2/cyclonedds_ws/install/unitree_go/include/unitree_go/unitree_go/msg/detail/bms_state__traits.hpp
[257.466s] -- Symlinking: /home/lzbb/rk_inspection_ws/third_party/unitree_ros2/cyclonedds_ws/install/unitree_go/include/unitree_go/unitree_go/msg/detail/bms_state__type_support.hpp
[257.495s] -- Symlinking: /home/lzbb/rk_inspection_ws/third_party/unitree_ros2/cyclonedds_ws/install/unitree_go/include/unitree_go/unitree_go/msg/detail/error__builder.hpp
[257.527s] -- Symlinking: /home/lzbb/rk_inspection_ws/third_party/unitree_ros2/cyclonedds_ws/install/unitree_go/include/unitree_go/unitree_go/msg/detail/error__struct.hpp
[257.558s] -- Symlinking: /home/lzbb/rk_inspection_ws/third_party/unitree_ros2/cyclonedds_ws/install/unitree_go/include/unitree_go/unitree_go/msg/detail/error__traits.hpp
[257.586s] -- Symlinking: /home/lzbb/rk_inspection_ws/third_party/unitree_ros2/cyclonedds_ws/install/unitree_go/include/unitree_go/unitree_go/msg/detail/error__type_support.hpp
[257.620s] -- Symlinking: /home/lzbb/rk_inspection_ws/third_party/unitree_ros2/cyclonedds_ws/install/unitree_go/include/unitree_go/unitree_go/msg/detail/go2_front_video_data__builder.hpp
[257.662s] -- Symlinking: /home/lzbb/rk_inspection_ws/third_party/unitree_ros2/cyclonedds_ws/install/unitree_go/include/unitree_go/unitree_go/msg/detail/go2_front_video_data__struct.hpp
[257.688s] -- Symlinking: /home/lzbb/rk_inspection_ws/third_party/unitree_ros2/cyclonedds_ws/install/unitree_go/include/unitree_go/unitree_go/msg/detail/go2_front_video_data__traits.hpp
[257.712s] -- Symlinking: /home/lzbb/rk_inspection_ws/third_party/unitree_ros2/cyclonedds_ws/install/unitree_go/include/unitree_go/unitree_go/msg/detail/go2_front_video_data__type_support.hpp
[257.741s] -- Symlinking: /home/lzbb/rk_inspection_ws/third_party/unitree_ros2/cyclonedds_ws/install/unitree_go/include/unitree_go/unitree_go/msg/detail/height_map__builder.hpp
[257.770s] -- Symlinking: /home/lzbb/rk_inspection_ws/third_party/unitree_ros2/cyclonedds_ws/install/unitree_go/include/unitree_go/unitree_go/msg/detail/height_map__struct.hpp
[257.800s] -- Symlinking: /home/lzbb/rk_inspection_ws/third_party/unitree_ros2/cyclonedds_ws/install/unitree_go/include/unitree_go/unitree_go/msg/detail/height_map__traits.hpp
[257.829s] -- Symlinking: /home/lzbb/rk_inspection_ws/third_party/unitree_ros2/cyclonedds_ws/install/unitree_go/include/unitree_go/unitree_go/msg/detail/height_map__type_support.hpp
[257.858s] -- Symlinking: /home/lzbb/rk_inspection_ws/third_party/unitree_ros2/cyclonedds_ws/install/unitree_go/include/unitree_go/unitree_go/msg/detail/imu_state__builder.hpp
[257.891s] -- Symlinking: /home/lzbb/rk_inspection_ws/third_party/unitree_ros2/cyclonedds_ws/install/unitree_go/include/unitree_go/unitree_go/msg/detail/imu_state__struct.hpp
[257.931s] -- Symlinking: /home/lzbb/rk_inspection_ws/third_party/unitree_ros2/cyclonedds_ws/install/unitree_go/include/unitree_go/unitree_go/msg/detail/imu_state__traits.hpp
[257.960s] -- Symlinking: /home/lzbb/rk_inspection_ws/third_party/unitree_ros2/cyclonedds_ws/install/unitree_go/include/unitree_go/unitree_go/msg/detail/imu_state__type_support.hpp
[257.987s] -- Symlinking: /home/lzbb/rk_inspection_ws/third_party/unitree_ros2/cyclonedds_ws/install/unitree_go/include/unitree_go/unitree_go/msg/detail/interface_config__builder.hpp
[258.013s] -- Symlinking: /home/lzbb/rk_inspection_ws/third_party/unitree_ros2/cyclonedds_ws/install/unitree_go/include/unitree_go/unitree_go/msg/detail/interface_config__struct.hpp
[258.040s] -- Symlinking: /home/lzbb/rk_inspection_ws/third_party/unitree_ros2/cyclonedds_ws/install/unitree_go/include/unitree_go/unitree_go/msg/detail/interface_config__traits.hpp
[258.070s] -- Symlinking: /home/lzbb/rk_inspection_ws/third_party/unitree_ros2/cyclonedds_ws/install/unitree_go/include/unitree_go/unitree_go/msg/detail/interface_config__type_support.hpp
[258.100s] -- Symlinking: /home/lzbb/rk_inspection_ws/third_party/unitree_ros2/cyclonedds_ws/install/unitree_go/include/unitree_go/unitree_go/msg/detail/lidar_state__builder.hpp
[258.125s] -- Symlinking: /home/lzbb/rk_inspection_ws/third_party/unitree_ros2/cyclonedds_ws/install/unitree_go/include/unitree_go/unitree_go/msg/detail/lidar_state__struct.hpp
[258.159s] -- Symlinking: /home/lzbb/rk_inspection_ws/third_party/unitree_ros2/cyclonedds_ws/install/unitree_go/include/unitree_go/unitree_go/msg/detail/lidar_state__traits.hpp
[258.188s] -- Symlinking: /home/lzbb/rk_inspection_ws/third_party/unitree_ros2/cyclonedds_ws/install/unitree_go/include/unitree_go/unitree_go/msg/detail/lidar_state__type_support.hpp
[258.207s] -- Symlinking: /home/lzbb/rk_inspection_ws/third_party/unitree_ros2/cyclonedds_ws/install/unitree_go/include/unitree_go/unitree_go/msg/detail/low_cmd__builder.hpp
[258.231s] -- Symlinking: /home/lzbb/rk_inspection_ws/third_party/unitree_ros2/cyclonedds_ws/install/unitree_go/include/unitree_go/unitree_go/msg/detail/low_cmd__struct.hpp
[258.257s] -- Symlinking: /home/lzbb/rk_inspection_ws/third_party/unitree_ros2/cyclonedds_ws/install/unitree_go/include/unitree_go/unitree_go/msg/detail/low_cmd__traits.hpp
[258.287s] -- Symlinking: /home/lzbb/rk_inspection_ws/third_party/unitree_ros2/cyclonedds_ws/install/unitree_go/include/unitree_go/unitree_go/msg/detail/low_cmd__type_support.hpp
[258.320s] -- Symlinking: /home/lzbb/rk_inspection_ws/third_party/unitree_ros2/cyclonedds_ws/install/unitree_go/include/unitree_go/unitree_go/msg/detail/low_state__builder.hpp
[258.349s] -- Symlinking: /home/lzbb/rk_inspection_ws/third_party/unitree_ros2/cyclonedds_ws/install/unitree_go/include/unitree_go/unitree_go/msg/detail/low_state__struct.hpp
[258.379s] -- Symlinking: /home/lzbb/rk_inspection_ws/third_party/unitree_ros2/cyclonedds_ws/install/unitree_go/include/unitree_go/unitree_go/msg/detail/low_state__traits.hpp
[258.411s] -- Symlinking: /home/lzbb/rk_inspection_ws/third_party/unitree_ros2/cyclonedds_ws/install/unitree_go/include/unitree_go/unitree_go/msg/detail/low_state__type_support.hpp
[258.439s] -- Symlinking: /home/lzbb/rk_inspection_ws/third_party/unitree_ros2/cyclonedds_ws/install/unitree_go/include/unitree_go/unitree_go/msg/detail/motor_cmd__builder.hpp
[258.467s] -- Symlinking: /home/lzbb/rk_inspection_ws/third_party/unitree_ros2/cyclonedds_ws/install/unitree_go/include/unitree_go/unitree_go/msg/detail/motor_cmd__struct.hpp
[258.500s] -- Symlinking: /home/lzbb/rk_inspection_ws/third_party/unitree_ros2/cyclonedds_ws/install/unitree_go/include/unitree_go/unitree_go/msg/detail/motor_cmd__traits.hpp
[258.529s] -- Symlinking: /home/lzbb/rk_inspection_ws/third_party/unitree_ros2/cyclonedds_ws/install/unitree_go/include/unitree_go/unitree_go/msg/detail/motor_cmd__type_support.hpp
[258.559s] -- Symlinking: /home/lzbb/rk_inspection_ws/third_party/unitree_ros2/cyclonedds_ws/install/unitree_go/include/unitree_go/unitree_go/msg/detail/motor_cmds__builder.hpp
[258.589s] -- Symlinking: /home/lzbb/rk_inspection_ws/third_party/unitree_ros2/cyclonedds_ws/install/unitree_go/include/unitree_go/unitree_go/msg/detail/motor_cmds__struct.hpp
[258.617s] -- Symlinking: /home/lzbb/rk_inspection_ws/third_party/unitree_ros2/cyclonedds_ws/install/unitree_go/include/unitree_go/unitree_go/msg/detail/motor_cmds__traits.hpp
[258.640s] -- Symlinking: /home/lzbb/rk_inspection_ws/third_party/unitree_ros2/cyclonedds_ws/install/unitree_go/include/unitree_go/unitree_go/msg/detail/motor_cmds__type_support.hpp
[258.671s] -- Symlinking: /home/lzbb/rk_inspection_ws/third_party/unitree_ros2/cyclonedds_ws/install/unitree_go/include/unitree_go/unitree_go/msg/detail/motor_state__builder.hpp
[258.699s] -- Symlinking: /home/lzbb/rk_inspection_ws/third_party/unitree_ros2/cyclonedds_ws/install/unitree_go/include/unitree_go/unitree_go/msg/detail/motor_state__struct.hpp
[258.726s] -- Symlinking: /home/lzbb/rk_inspection_ws/third_party/unitree_ros2/cyclonedds_ws/install/unitree_go/include/unitree_go/unitree_go/msg/detail/motor_state__traits.hpp
[258.754s] -- Symlinking: /home/lzbb/rk_inspection_ws/third_party/unitree_ros2/cyclonedds_ws/install/unitree_go/include/unitree_go/unitree_go/msg/detail/motor_state__type_support.hpp
[258.781s] -- Symlinking: /home/lzbb/rk_inspection_ws/third_party/unitree_ros2/cyclonedds_ws/install/unitree_go/include/unitree_go/unitree_go/msg/detail/motor_states__builder.hpp
[258.811s] -- Symlinking: /home/lzbb/rk_inspection_ws/third_party/unitree_ros2/cyclonedds_ws/install/unitree_go/include/unitree_go/unitree_go/msg/detail/motor_states__struct.hpp
[258.840s] -- Symlinking: /home/lzbb/rk_inspection_ws/third_party/unitree_ros2/cyclonedds_ws/install/unitree_go/include/unitree_go/unitree_go/msg/detail/motor_states__traits.hpp
[258.877s] -- Symlinking: /home/lzbb/rk_inspection_ws/third_party/unitree_ros2/cyclonedds_ws/install/unitree_go/include/unitree_go/unitree_go/msg/detail/motor_states__type_support.hpp
[258.902s] -- Symlinking: /home/lzbb/rk_inspection_ws/third_party/unitree_ros2/cyclonedds_ws/install/unitree_go/include/unitree_go/unitree_go/msg/detail/path_point__builder.hpp
[258.934s] -- Symlinking: /home/lzbb/rk_inspection_ws/third_party/unitree_ros2/cyclonedds_ws/install/unitree_go/include/unitree_go/unitree_go/msg/detail/path_point__struct.hpp
[258.967s] -- Symlinking: /home/lzbb/rk_inspection_ws/third_party/unitree_ros2/cyclonedds_ws/install/unitree_go/include/unitree_go/unitree_go/msg/detail/path_point__traits.hpp
[258.992s] -- Symlinking: /home/lzbb/rk_inspection_ws/third_party/unitree_ros2/cyclonedds_ws/install/unitree_go/include/unitree_go/unitree_go/msg/detail/path_point__type_support.hpp
[259.018s] -- Symlinking: /home/lzbb/rk_inspection_ws/third_party/unitree_ros2/cyclonedds_ws/install/unitree_go/include/unitree_go/unitree_go/msg/detail/req__builder.hpp
[259.043s] -- Symlinking: /home/lzbb/rk_inspection_ws/third_party/unitree_ros2/cyclonedds_ws/install/unitree_go/include/unitree_go/unitree_go/msg/detail/req__struct.hpp
[259.072s] -- Symlinking: /home/lzbb/rk_inspection_ws/third_party/unitree_ros2/cyclonedds_ws/install/unitree_go/include/unitree_go/unitree_go/msg/detail/req__traits.hpp
[259.107s] -- Symlinking: /home/lzbb/rk_inspection_ws/third_party/unitree_ros2/cyclonedds_ws/install/unitree_go/include/unitree_go/unitree_go/msg/detail/req__type_support.hpp
[259.142s] -- Symlinking: /home/lzbb/rk_inspection_ws/third_party/unitree_ros2/cyclonedds_ws/install/unitree_go/include/unitree_go/unitree_go/msg/detail/res__builder.hpp
[259.173s] -- Symlinking: /home/lzbb/rk_inspection_ws/third_party/unitree_ros2/cyclonedds_ws/install/unitree_go/include/unitree_go/unitree_go/msg/detail/res__struct.hpp
[259.205s] -- Symlinking: /home/lzbb/rk_inspection_ws/third_party/unitree_ros2/cyclonedds_ws/install/unitree_go/include/unitree_go/unitree_go/msg/detail/res__traits.hpp
[259.240s] -- Symlinking: /home/lzbb/rk_inspection_ws/third_party/unitree_ros2/cyclonedds_ws/install/unitree_go/include/unitree_go/unitree_go/msg/detail/res__type_support.hpp
[259.267s] -- Symlinking: /home/lzbb/rk_inspection_ws/third_party/unitree_ros2/cyclonedds_ws/install/unitree_go/include/unitree_go/unitree_go/msg/detail/sport_mode_cmd__builder.hpp
[259.294s] -- Symlinking: /home/lzbb/rk_inspection_ws/third_party/unitree_ros2/cyclonedds_ws/install/unitree_go/include/unitree_go/unitree_go/msg/detail/sport_mode_cmd__struct.hpp
[259.324s] -- Symlinking: /home/lzbb/rk_inspection_ws/third_party/unitree_ros2/cyclonedds_ws/install/unitree_go/include/unitree_go/unitree_go/msg/detail/sport_mode_cmd__traits.hpp
[259.358s] -- Symlinking: /home/lzbb/rk_inspection_ws/third_party/unitree_ros2/cyclonedds_ws/install/unitree_go/include/unitree_go/unitree_go/msg/detail/sport_mode_cmd__type_support.hpp
[259.395s] -- Symlinking: /home/lzbb/rk_inspection_ws/third_party/unitree_ros2/cyclonedds_ws/install/unitree_go/include/unitree_go/unitree_go/msg/detail/sport_mode_state__builder.hpp
[259.428s] -- Symlinking: /home/lzbb/rk_inspection_ws/third_party/unitree_ros2/cyclonedds_ws/install/unitree_go/include/unitree_go/unitree_go/msg/detail/sport_mode_state__struct.hpp
[259.458s] -- Symlinking: /home/lzbb/rk_inspection_ws/third_party/unitree_ros2/cyclonedds_ws/install/unitree_go/include/unitree_go/unitree_go/msg/detail/sport_mode_state__traits.hpp
[259.480s] -- Symlinking: /home/lzbb/rk_inspection_ws/third_party/unitree_ros2/cyclonedds_ws/install/unitree_go/include/unitree_go/unitree_go/msg/detail/sport_mode_state__type_support.hpp
[259.516s] -- Symlinking: /home/lzbb/rk_inspection_ws/third_party/unitree_ros2/cyclonedds_ws/install/unitree_go/include/unitree_go/unitree_go/msg/detail/time_spec__builder.hpp
[259.551s] -- Symlinking: /home/lzbb/rk_inspection_ws/third_party/unitree_ros2/cyclonedds_ws/install/unitree_go/include/unitree_go/unitree_go/msg/detail/time_spec__struct.hpp
[259.574s] -- Symlinking: /home/lzbb/rk_inspection_ws/third_party/unitree_ros2/cyclonedds_ws/install/unitree_go/include/unitree_go/unitree_go/msg/detail/time_spec__traits.hpp
[259.601s] -- Symlinking: /home/lzbb/rk_inspection_ws/third_party/unitree_ros2/cyclonedds_ws/install/unitree_go/include/unitree_go/unitree_go/msg/detail/time_spec__type_support.hpp
[259.630s] -- Symlinking: /home/lzbb/rk_inspection_ws/third_party/unitree_ros2/cyclonedds_ws/install/unitree_go/include/unitree_go/unitree_go/msg/detail/uwb_state__builder.hpp
[259.652s] -- Symlinking: /home/lzbb/rk_inspection_ws/third_party/unitree_ros2/cyclonedds_ws/install/unitree_go/include/unitree_go/unitree_go/msg/detail/uwb_state__struct.hpp
[259.679s] -- Symlinking: /home/lzbb/rk_inspection_ws/third_party/unitree_ros2/cyclonedds_ws/install/unitree_go/include/unitree_go/unitree_go/msg/detail/uwb_state__traits.hpp
[259.710s] -- Symlinking: /home/lzbb/rk_inspection_ws/third_party/unitree_ros2/cyclonedds_ws/install/unitree_go/include/unitree_go/unitree_go/msg/detail/uwb_state__type_support.hpp
[259.743s] -- Symlinking: /home/lzbb/rk_inspection_ws/third_party/unitree_ros2/cyclonedds_ws/install/unitree_go/include/unitree_go/unitree_go/msg/detail/uwb_switch__builder.hpp
[259.780s] -- Symlinking: /home/lzbb/rk_inspection_ws/third_party/unitree_ros2/cyclonedds_ws/install/unitree_go/include/unitree_go/unitree_go/msg/detail/uwb_switch__struct.hpp
[259.815s] -- Symlinking: /home/lzbb/rk_inspection_ws/third_party/unitree_ros2/cyclonedds_ws/install/unitree_go/include/unitree_go/unitree_go/msg/detail/uwb_switch__traits.hpp
[259.848s] -- Symlinking: /home/lzbb/rk_inspection_ws/third_party/unitree_ros2/cyclonedds_ws/install/unitree_go/include/unitree_go/unitree_go/msg/detail/uwb_switch__type_support.hpp
[259.881s] -- Symlinking: /home/lzbb/rk_inspection_ws/third_party/unitree_ros2/cyclonedds_ws/install/unitree_go/include/unitree_go/unitree_go/msg/detail/wireless_controller__builder.hpp
[259.920s] -- Symlinking: /home/lzbb/rk_inspection_ws/third_party/unitree_ros2/cyclonedds_ws/install/unitree_go/include/unitree_go/unitree_go/msg/detail/wireless_controller__struct.hpp
[259.950s] -- Symlinking: /home/lzbb/rk_inspection_ws/third_party/unitree_ros2/cyclonedds_ws/install/unitree_go/include/unitree_go/unitree_go/msg/detail/wireless_controller__traits.hpp
[259.981s] -- Symlinking: /home/lzbb/rk_inspection_ws/third_party/unitree_ros2/cyclonedds_ws/install/unitree_go/include/unitree_go/unitree_go/msg/detail/wireless_controller__type_support.hpp
[260.013s] -- Symlinking: /home/lzbb/rk_inspection_ws/third_party/unitree_ros2/cyclonedds_ws/install/unitree_go/include/unitree_go/unitree_go/msg/error.hpp
[260.036s] -- Symlinking: /home/lzbb/rk_inspection_ws/third_party/unitree_ros2/cyclonedds_ws/install/unitree_go/include/unitree_go/unitree_go/msg/go2_front_video_data.hpp
[260.070s] -- Symlinking: /home/lzbb/rk_inspection_ws/third_party/unitree_ros2/cyclonedds_ws/install/unitree_go/include/unitree_go/unitree_go/msg/height_map.hpp
[260.106s] -- Symlinking: /home/lzbb/rk_inspection_ws/third_party/unitree_ros2/cyclonedds_ws/install/unitree_go/include/unitree_go/unitree_go/msg/imu_state.hpp
[260.139s] -- Symlinking: /home/lzbb/rk_inspection_ws/third_party/unitree_ros2/cyclonedds_ws/install/unitree_go/include/unitree_go/unitree_go/msg/interface_config.hpp
[260.172s] -- Symlinking: /home/lzbb/rk_inspection_ws/third_party/unitree_ros2/cyclonedds_ws/install/unitree_go/include/unitree_go/unitree_go/msg/lidar_state.hpp
[260.208s] -- Symlinking: /home/lzbb/rk_inspection_ws/third_party/unitree_ros2/cyclonedds_ws/install/unitree_go/include/unitree_go/unitree_go/msg/low_cmd.hpp
[260.241s] -- Symlinking: /home/lzbb/rk_inspection_ws/third_party/unitree_ros2/cyclonedds_ws/install/unitree_go/include/unitree_go/unitree_go/msg/low_state.hpp
[260.273s] -- Symlinking: /home/lzbb/rk_inspection_ws/third_party/unitree_ros2/cyclonedds_ws/install/unitree_go/include/unitree_go/unitree_go/msg/motor_cmd.hpp
[260.309s] -- Symlinking: /home/lzbb/rk_inspection_ws/third_party/unitree_ros2/cyclonedds_ws/install/unitree_go/include/unitree_go/unitree_go/msg/motor_cmds.hpp
[260.341s] -- Symlinking: /home/lzbb/rk_inspection_ws/third_party/unitree_ros2/cyclonedds_ws/install/unitree_go/include/unitree_go/unitree_go/msg/motor_state.hpp
[260.371s] -- Symlinking: /home/lzbb/rk_inspection_ws/third_party/unitree_ros2/cyclonedds_ws/install/unitree_go/include/unitree_go/unitree_go/msg/motor_states.hpp
[260.404s] -- Symlinking: /home/lzbb/rk_inspection_ws/third_party/unitree_ros2/cyclonedds_ws/install/unitree_go/include/unitree_go/unitree_go/msg/path_point.hpp
[260.445s] -- Symlinking: /home/lzbb/rk_inspection_ws/third_party/unitree_ros2/cyclonedds_ws/install/unitree_go/include/unitree_go/unitree_go/msg/req.hpp
[260.480s] -- Symlinking: /home/lzbb/rk_inspection_ws/third_party/unitree_ros2/cyclonedds_ws/install/unitree_go/include/unitree_go/unitree_go/msg/res.hpp
[260.513s] -- Symlinking: /home/lzbb/rk_inspection_ws/third_party/unitree_ros2/cyclonedds_ws/install/unitree_go/include/unitree_go/unitree_go/msg/rosidl_generator_cpp__visibility_control.hpp
[260.547s] -- Symlinking: /home/lzbb/rk_inspection_ws/third_party/unitree_ros2/cyclonedds_ws/install/unitree_go/include/unitree_go/unitree_go/msg/sport_mode_cmd.hpp
[260.579s] -- Symlinking: /home/lzbb/rk_inspection_ws/third_party/unitree_ros2/cyclonedds_ws/install/unitree_go/include/unitree_go/unitree_go/msg/sport_mode_state.hpp
[260.614s] -- Symlinking: /home/lzbb/rk_inspection_ws/third_party/unitree_ros2/cyclonedds_ws/install/unitree_go/include/unitree_go/unitree_go/msg/time_spec.hpp
[260.644s] -- Symlinking: /home/lzbb/rk_inspection_ws/third_party/unitree_ros2/cyclonedds_ws/install/unitree_go/include/unitree_go/unitree_go/msg/uwb_state.hpp
[260.675s] -- Symlinking: /home/lzbb/rk_inspection_ws/third_party/unitree_ros2/cyclonedds_ws/install/unitree_go/include/unitree_go/unitree_go/msg/uwb_switch.hpp
[260.706s] -- Symlinking: /home/lzbb/rk_inspection_ws/third_party/unitree_ros2/cyclonedds_ws/install/unitree_go/include/unitree_go/unitree_go/msg/wireless_controller.hpp
[260.740s] -- Symlinking: /home/lzbb/rk_inspection_ws/third_party/unitree_ros2/cyclonedds_ws/install/unitree_go/include/unitree_go/unitree_go/msg/detail/audio_data__rosidl_typesupport_fastrtps_cpp.hpp
[260.773s] -- Symlinking: /home/lzbb/rk_inspection_ws/third_party/unitree_ros2/cyclonedds_ws/install/unitree_go/include/unitree_go/unitree_go/msg/detail/bms_cmd__rosidl_typesupport_fastrtps_cpp.hpp
[260.804s] -- Symlinking: /home/lzbb/rk_inspection_ws/third_party/unitree_ros2/cyclonedds_ws/install/unitree_go/include/unitree_go/unitree_go/msg/detail/bms_state__rosidl_typesupport_fastrtps_cpp.hpp
[260.836s] -- Symlinking: /home/lzbb/rk_inspection_ws/third_party/unitree_ros2/cyclonedds_ws/install/unitree_go/include/unitree_go/unitree_go/msg/detail/error__rosidl_typesupport_fastrtps_cpp.hpp
[260.866s] -- Symlinking: /home/lzbb/rk_inspection_ws/third_party/unitree_ros2/cyclonedds_ws/install/unitree_go/include/unitree_go/unitree_go/msg/detail/go2_front_video_data__rosidl_typesupport_fastrtps_cpp.hpp
[260.898s] -- Symlinking: /home/lzbb/rk_inspection_ws/third_party/unitree_ros2/cyclonedds_ws/install/unitree_go/include/unitree_go/unitree_go/msg/detail/height_map__rosidl_typesupport_fastrtps_cpp.hpp
[260.929s] -- Symlinking: /home/lzbb/rk_inspection_ws/third_party/unitree_ros2/cyclonedds_ws/install/unitree_go/include/unitree_go/unitree_go/msg/detail/imu_state__rosidl_typesupport_fastrtps_cpp.hpp
[260.960s] -- Symlinking: /home/lzbb/rk_inspection_ws/third_party/unitree_ros2/cyclonedds_ws/install/unitree_go/include/unitree_go/unitree_go/msg/detail/interface_config__rosidl_typesupport_fastrtps_cpp.hpp
[260.993s] -- Symlinking: /home/lzbb/rk_inspection_ws/third_party/unitree_ros2/cyclonedds_ws/install/unitree_go/include/unitree_go/unitree_go/msg/detail/lidar_state__rosidl_typesupport_fastrtps_cpp.hpp
[261.022s] -- Symlinking: /home/lzbb/rk_inspection_ws/third_party/unitree_ros2/cyclonedds_ws/install/unitree_go/include/unitree_go/unitree_go/msg/detail/low_cmd__rosidl_typesupport_fastrtps_cpp.hpp
[261.053s] -- Symlinking: /home/lzbb/rk_inspection_ws/third_party/unitree_ros2/cyclonedds_ws/install/unitree_go/include/unitree_go/unitree_go/msg/detail/low_state__rosidl_typesupport_fastrtps_cpp.hpp
[261.087s] -- Symlinking: /home/lzbb/rk_inspection_ws/third_party/unitree_ros2/cyclonedds_ws/install/unitree_go/include/unitree_go/unitree_go/msg/detail/motor_cmd__rosidl_typesupport_fastrtps_cpp.hpp
[261.111s] -- Symlinking: /home/lzbb/rk_inspection_ws/third_party/unitree_ros2/cyclonedds_ws/install/unitree_go/include/unitree_go/unitree_go/msg/detail/motor_cmds__rosidl_typesupport_fastrtps_cpp.hpp
[261.141s] -- Symlinking: /home/lzbb/rk_inspection_ws/third_party/unitree_ros2/cyclonedds_ws/install/unitree_go/include/unitree_go/unitree_go/msg/detail/motor_state__rosidl_typesupport_fastrtps_cpp.hpp
[261.172s] -- Symlinking: /home/lzbb/rk_inspection_ws/third_party/unitree_ros2/cyclonedds_ws/install/unitree_go/include/unitree_go/unitree_go/msg/detail/motor_states__rosidl_typesupport_fastrtps_cpp.hpp
[261.201s] -- Symlinking: /home/lzbb/rk_inspection_ws/third_party/unitree_ros2/cyclonedds_ws/install/unitree_go/include/unitree_go/unitree_go/msg/detail/path_point__rosidl_typesupport_fastrtps_cpp.hpp
[261.232s] -- Symlinking: /home/lzbb/rk_inspection_ws/third_party/unitree_ros2/cyclonedds_ws/install/unitree_go/include/unitree_go/unitree_go/msg/detail/req__rosidl_typesupport_fastrtps_cpp.hpp
[261.264s] -- Symlinking: /home/lzbb/rk_inspection_ws/third_party/unitree_ros2/cyclonedds_ws/install/unitree_go/include/unitree_go/unitree_go/msg/detail/res__rosidl_typesupport_fastrtps_cpp.hpp
[261.297s] -- Symlinking: /home/lzbb/rk_inspection_ws/third_party/unitree_ros2/cyclonedds_ws/install/unitree_go/include/unitree_go/unitree_go/msg/detail/sport_mode_cmd__rosidl_typesupport_fastrtps_cpp.hpp
[261.329s] -- Symlinking: /home/lzbb/rk_inspection_ws/third_party/unitree_ros2/cyclonedds_ws/install/unitree_go/include/unitree_go/unitree_go/msg/detail/sport_mode_state__rosidl_typesupport_fastrtps_cpp.hpp
[261.364s] -- Symlinking: /home/lzbb/rk_inspection_ws/third_party/unitree_ros2/cyclonedds_ws/install/unitree_go/include/unitree_go/unitree_go/msg/detail/time_spec__rosidl_typesupport_fastrtps_cpp.hpp
[261.396s] -- Symlinking: /home/lzbb/rk_inspection_ws/third_party/unitree_ros2/cyclonedds_ws/install/unitree_go/include/unitree_go/unitree_go/msg/detail/uwb_state__rosidl_typesupport_fastrtps_cpp.hpp
[261.431s] -- Symlinking: /home/lzbb/rk_inspection_ws/third_party/unitree_ros2/cyclonedds_ws/install/unitree_go/include/unitree_go/unitree_go/msg/detail/uwb_switch__rosidl_typesupport_fastrtps_cpp.hpp
[261.465s] -- Symlinking: /home/lzbb/rk_inspection_ws/third_party/unitree_ros2/cyclonedds_ws/install/unitree_go/include/unitree_go/unitree_go/msg/detail/wireless_controller__rosidl_typesupport_fastrtps_cpp.hpp
[261.495s] -- Symlinking: /home/lzbb/rk_inspection_ws/third_party/unitree_ros2/cyclonedds_ws/install/unitree_go/include/unitree_go/unitree_go/msg/rosidl_typesupport_fastrtps_cpp__visibility_control.h
[261.513s] -- Symlinking: /home/lzbb/rk_inspection_ws/third_party/unitree_ros2/cyclonedds_ws/install/unitree_go/include/unitree_go/unitree_go/msg/detail/audio_data__rosidl_typesupport_introspection_c.h
[261.537s] -- Symlinking: /home/lzbb/rk_inspection_ws/third_party/unitree_ros2/cyclonedds_ws/install/unitree_go/include/unitree_go/unitree_go/msg/detail/bms_cmd__rosidl_typesupport_introspection_c.h
[261.569s] -- Symlinking: /home/lzbb/rk_inspection_ws/third_party/unitree_ros2/cyclonedds_ws/install/unitree_go/include/unitree_go/unitree_go/msg/detail/bms_state__rosidl_typesupport_introspection_c.h
[261.598s] -- Symlinking: /home/lzbb/rk_inspection_ws/third_party/unitree_ros2/cyclonedds_ws/install/unitree_go/include/unitree_go/unitree_go/msg/detail/error__rosidl_typesupport_introspection_c.h
[261.628s] -- Symlinking: /home/lzbb/rk_inspection_ws/third_party/unitree_ros2/cyclonedds_ws/install/unitree_go/include/unitree_go/unitree_go/msg/detail/go2_front_video_data__rosidl_typesupport_introspection_c.h
[261.657s] -- Symlinking: /home/lzbb/rk_inspection_ws/third_party/unitree_ros2/cyclonedds_ws/install/unitree_go/include/unitree_go/unitree_go/msg/detail/height_map__rosidl_typesupport_introspection_c.h
[261.688s] -- Symlinking: /home/lzbb/rk_inspection_ws/third_party/unitree_ros2/cyclonedds_ws/install/unitree_go/include/unitree_go/unitree_go/msg/detail/imu_state__rosidl_typesupport_introspection_c.h
[261.719s] -- Symlinking: /home/lzbb/rk_inspection_ws/third_party/unitree_ros2/cyclonedds_ws/install/unitree_go/include/unitree_go/unitree_go/msg/detail/interface_config__rosidl_typesupport_introspection_c.h
[261.756s] -- Symlinking: /home/lzbb/rk_inspection_ws/third_party/unitree_ros2/cyclonedds_ws/install/unitree_go/include/unitree_go/unitree_go/msg/detail/lidar_state__rosidl_typesupport_introspection_c.h
[261.786s] -- Symlinking: /home/lzbb/rk_inspection_ws/third_party/unitree_ros2/cyclonedds_ws/install/unitree_go/include/unitree_go/unitree_go/msg/detail/low_cmd__rosidl_typesupport_introspection_c.h
[261.817s] -- Symlinking: /home/lzbb/rk_inspection_ws/third_party/unitree_ros2/cyclonedds_ws/install/unitree_go/include/unitree_go/unitree_go/msg/detail/low_state__rosidl_typesupport_introspection_c.h
[261.848s] -- Symlinking: /home/lzbb/rk_inspection_ws/third_party/unitree_ros2/cyclonedds_ws/install/unitree_go/include/unitree_go/unitree_go/msg/detail/motor_cmd__rosidl_typesupport_introspection_c.h
[261.881s] -- Symlinking: /home/lzbb/rk_inspection_ws/third_party/unitree_ros2/cyclonedds_ws/install/unitree_go/include/unitree_go/unitree_go/msg/detail/motor_cmds__rosidl_typesupport_introspection_c.h
[261.914s] -- Symlinking: /home/lzbb/rk_inspection_ws/third_party/unitree_ros2/cyclonedds_ws/install/unitree_go/include/unitree_go/unitree_go/msg/detail/motor_state__rosidl_typesupport_introspection_c.h
[261.940s] -- Symlinking: /home/lzbb/rk_inspection_ws/third_party/unitree_ros2/cyclonedds_ws/install/unitree_go/include/unitree_go/unitree_go/msg/detail/motor_states__rosidl_typesupport_introspection_c.h
[261.975s] -- Symlinking: /home/lzbb/rk_inspection_ws/third_party/unitree_ros2/cyclonedds_ws/install/unitree_go/include/unitree_go/unitree_go/msg/detail/path_point__rosidl_typesupport_introspection_c.h
[262.005s] -- Symlinking: /home/lzbb/rk_inspection_ws/third_party/unitree_ros2/cyclonedds_ws/install/unitree_go/include/unitree_go/unitree_go/msg/detail/req__rosidl_typesupport_introspection_c.h
[262.041s] -- Symlinking: /home/lzbb/rk_inspection_ws/third_party/unitree_ros2/cyclonedds_ws/install/unitree_go/include/unitree_go/unitree_go/msg/detail/res__rosidl_typesupport_introspection_c.h
[262.069s] -- Symlinking: /home/lzbb/rk_inspection_ws/third_party/unitree_ros2/cyclonedds_ws/install/unitree_go/include/unitree_go/unitree_go/msg/detail/sport_mode_cmd__rosidl_typesupport_introspection_c.h
[262.095s] -- Symlinking: /home/lzbb/rk_inspection_ws/third_party/unitree_ros2/cyclonedds_ws/install/unitree_go/include/unitree_go/unitree_go/msg/detail/sport_mode_state__rosidl_typesupport_introspection_c.h
[262.124s] -- Symlinking: /home/lzbb/rk_inspection_ws/third_party/unitree_ros2/cyclonedds_ws/install/unitree_go/include/unitree_go/unitree_go/msg/detail/time_spec__rosidl_typesupport_introspection_c.h
[262.159s] -- Symlinking: /home/lzbb/rk_inspection_ws/third_party/unitree_ros2/cyclonedds_ws/install/unitree_go/include/unitree_go/unitree_go/msg/detail/uwb_state__rosidl_typesupport_introspection_c.h
[262.192s] -- Symlinking: /home/lzbb/rk_inspection_ws/third_party/unitree_ros2/cyclonedds_ws/install/unitree_go/include/unitree_go/unitree_go/msg/detail/uwb_switch__rosidl_typesupport_introspection_c.h
[262.223s] -- Symlinking: /home/lzbb/rk_inspection_ws/third_party/unitree_ros2/cyclonedds_ws/install/unitree_go/include/unitree_go/unitree_go/msg/detail/wireless_controller__rosidl_typesupport_introspection_c.h
[262.253s] -- Symlinking: /home/lzbb/rk_inspection_ws/third_party/unitree_ros2/cyclonedds_ws/install/unitree_go/include/unitree_go/unitree_go/msg/rosidl_typesupport_introspection_c__visibility_control.h
[262.283s] -- Symlinking: /home/lzbb/rk_inspection_ws/third_party/unitree_ros2/cyclonedds_ws/install/unitree_go/include/unitree_go/unitree_go/msg/detail/audio_data__rosidl_typesupport_introspection_cpp.hpp
[262.313s] -- Symlinking: /home/lzbb/rk_inspection_ws/third_party/unitree_ros2/cyclonedds_ws/install/unitree_go/include/unitree_go/unitree_go/msg/detail/bms_cmd__rosidl_typesupport_introspection_cpp.hpp
[262.342s] -- Symlinking: /home/lzbb/rk_inspection_ws/third_party/unitree_ros2/cyclonedds_ws/install/unitree_go/include/unitree_go/unitree_go/msg/detail/bms_state__rosidl_typesupport_introspection_cpp.hpp
[262.373s] -- Symlinking: /home/lzbb/rk_inspection_ws/third_party/unitree_ros2/cyclonedds_ws/install/unitree_go/include/unitree_go/unitree_go/msg/detail/error__rosidl_typesupport_introspection_cpp.hpp
[262.403s] -- Symlinking: /home/lzbb/rk_inspection_ws/third_party/unitree_ros2/cyclonedds_ws/install/unitree_go/include/unitree_go/unitree_go/msg/detail/go2_front_video_data__rosidl_typesupport_introspection_cpp.hpp
[262.440s] -- Symlinking: /home/lzbb/rk_inspection_ws/third_party/unitree_ros2/cyclonedds_ws/install/unitree_go/include/unitree_go/unitree_go/msg/detail/height_map__rosidl_typesupport_introspection_cpp.hpp
[262.465s] -- Symlinking: /home/lzbb/rk_inspection_ws/third_party/unitree_ros2/cyclonedds_ws/install/unitree_go/include/unitree_go/unitree_go/msg/detail/imu_state__rosidl_typesupport_introspection_cpp.hpp
[262.496s] -- Symlinking: /home/lzbb/rk_inspection_ws/third_party/unitree_ros2/cyclonedds_ws/install/unitree_go/include/unitree_go/unitree_go/msg/detail/interface_config__rosidl_typesupport_introspection_cpp.hpp
[262.523s] -- Symlinking: /home/lzbb/rk_inspection_ws/third_party/unitree_ros2/cyclonedds_ws/install/unitree_go/include/unitree_go/unitree_go/msg/detail/lidar_state__rosidl_typesupport_introspection_cpp.hpp
[262.550s] -- Symlinking: /home/lzbb/rk_inspection_ws/third_party/unitree_ros2/cyclonedds_ws/install/unitree_go/include/unitree_go/unitree_go/msg/detail/low_cmd__rosidl_typesupport_introspection_cpp.hpp
[262.578s] -- Symlinking: /home/lzbb/rk_inspection_ws/third_party/unitree_ros2/cyclonedds_ws/install/unitree_go/include/unitree_go/unitree_go/msg/detail/low_state__rosidl_typesupport_introspection_cpp.hpp
[262.604s] -- Symlinking: /home/lzbb/rk_inspection_ws/third_party/unitree_ros2/cyclonedds_ws/install/unitree_go/include/unitree_go/unitree_go/msg/detail/motor_cmd__rosidl_typesupport_introspection_cpp.hpp
[262.634s] -- Symlinking: /home/lzbb/rk_inspection_ws/third_party/unitree_ros2/cyclonedds_ws/install/unitree_go/include/unitree_go/unitree_go/msg/detail/motor_cmds__rosidl_typesupport_introspection_cpp.hpp
[262.663s] -- Symlinking: /home/lzbb/rk_inspection_ws/third_party/unitree_ros2/cyclonedds_ws/install/unitree_go/include/unitree_go/unitree_go/msg/detail/motor_state__rosidl_typesupport_introspection_cpp.hpp
[262.688s] -- Symlinking: /home/lzbb/rk_inspection_ws/third_party/unitree_ros2/cyclonedds_ws/install/unitree_go/include/unitree_go/unitree_go/msg/detail/motor_states__rosidl_typesupport_introspection_cpp.hpp
[262.717s] -- Symlinking: /home/lzbb/rk_inspection_ws/third_party/unitree_ros2/cyclonedds_ws/install/unitree_go/include/unitree_go/unitree_go/msg/detail/path_point__rosidl_typesupport_introspection_cpp.hpp
[262.749s] -- Symlinking: /home/lzbb/rk_inspection_ws/third_party/unitree_ros2/cyclonedds_ws/install/unitree_go/include/unitree_go/unitree_go/msg/detail/req__rosidl_typesupport_introspection_cpp.hpp
[262.780s] -- Symlinking: /home/lzbb/rk_inspection_ws/third_party/unitree_ros2/cyclonedds_ws/install/unitree_go/include/unitree_go/unitree_go/msg/detail/res__rosidl_typesupport_introspection_cpp.hpp
[262.809s] -- Symlinking: /home/lzbb/rk_inspection_ws/third_party/unitree_ros2/cyclonedds_ws/install/unitree_go/include/unitree_go/unitree_go/msg/detail/sport_mode_cmd__rosidl_typesupport_introspection_cpp.hpp
[262.837s] -- Symlinking: /home/lzbb/rk_inspection_ws/third_party/unitree_ros2/cyclonedds_ws/install/unitree_go/include/unitree_go/unitree_go/msg/detail/sport_mode_state__rosidl_typesupport_introspection_cpp.hpp
[262.873s] -- Symlinking: /home/lzbb/rk_inspection_ws/third_party/unitree_ros2/cyclonedds_ws/install/unitree_go/include/unitree_go/unitree_go/msg/detail/time_spec__rosidl_typesupport_introspection_cpp.hpp
[262.903s] -- Symlinking: /home/lzbb/rk_inspection_ws/third_party/unitree_ros2/cyclonedds_ws/install/unitree_go/include/unitree_go/unitree_go/msg/detail/uwb_state__rosidl_typesupport_introspection_cpp.hpp
[262.939s] -- Symlinking: /home/lzbb/rk_inspection_ws/third_party/unitree_ros2/cyclonedds_ws/install/unitree_go/include/unitree_go/unitree_go/msg/detail/uwb_switch__rosidl_typesupport_introspection_cpp.hpp
[262.969s] -- Symlinking: /home/lzbb/rk_inspection_ws/third_party/unitree_ros2/cyclonedds_ws/install/unitree_go/include/unitree_go/unitree_go/msg/detail/wireless_controller__rosidl_typesupport_introspection_cpp.hpp
[263.000s] -- Symlinking: /home/lzbb/rk_inspection_ws/third_party/unitree_ros2/cyclonedds_ws/install/unitree_go/share/unitree_go/environment/pythonpath.sh
[263.033s] -- Symlinking: /home/lzbb/rk_inspection_ws/third_party/unitree_ros2/cyclonedds_ws/install/unitree_go/share/unitree_go/environment/pythonpath.dsv
[263.073s] -- Symlinking: /home/lzbb/rk_inspection_ws/third_party/unitree_ros2/cyclonedds_ws/install/unitree_go/local/lib/python3.10/dist-packages/unitree_go-0.0.0-py3.10.egg-info/PKG-INFO
[263.109s] -- Symlinking: /home/lzbb/rk_inspection_ws/third_party/unitree_ros2/cyclonedds_ws/install/unitree_go/local/lib/python3.10/dist-packages/unitree_go-0.0.0-py3.10.egg-info/SOURCES.txt
[263.145s] -- Symlinking: /home/lzbb/rk_inspection_ws/third_party/unitree_ros2/cyclonedds_ws/install/unitree_go/local/lib/python3.10/dist-packages/unitree_go-0.0.0-py3.10.egg-info/dependency_links.txt
[263.178s] -- Symlinking: /home/lzbb/rk_inspection_ws/third_party/unitree_ros2/cyclonedds_ws/install/unitree_go/local/lib/python3.10/dist-packages/unitree_go-0.0.0-py3.10.egg-info/top_level.txt
[263.217s] -- Symlinking: /home/lzbb/rk_inspection_ws/third_party/unitree_ros2/cyclonedds_ws/install/unitree_go/local/lib/python3.10/dist-packages/unitree_go/__init__.py
[263.253s] -- Symlinking: /home/lzbb/rk_inspection_ws/third_party/unitree_ros2/cyclonedds_ws/install/unitree_go/local/lib/python3.10/dist-packages/unitree_go/_unitree_go_s.ep.rosidl_typesupport_c.c
[263.286s] -- Symlinking: /home/lzbb/rk_inspection_ws/third_party/unitree_ros2/cyclonedds_ws/install/unitree_go/local/lib/python3.10/dist-packages/unitree_go/_unitree_go_s.ep.rosidl_typesupport_fastrtps_c.c
[263.322s] -- Symlinking: /home/lzbb/rk_inspection_ws/third_party/unitree_ros2/cyclonedds_ws/install/unitree_go/local/lib/python3.10/dist-packages/unitree_go/_unitree_go_s.ep.rosidl_typesupport_introspection_c.c
[263.357s] -- Symlinking: /home/lzbb/rk_inspection_ws/third_party/unitree_ros2/cyclonedds_ws/install/unitree_go/local/lib/python3.10/dist-packages/unitree_go/libunitree_go__rosidl_generator_py.so
[263.387s] -- Symlinking: /home/lzbb/rk_inspection_ws/third_party/unitree_ros2/cyclonedds_ws/install/unitree_go/local/lib/python3.10/dist-packages/unitree_go/msg/__init__.py
[263.419s] -- Symlinking: /home/lzbb/rk_inspection_ws/third_party/unitree_ros2/cyclonedds_ws/install/unitree_go/local/lib/python3.10/dist-packages/unitree_go/msg/_audio_data.py
[263.453s] -- Symlinking: /home/lzbb/rk_inspection_ws/third_party/unitree_ros2/cyclonedds_ws/install/unitree_go/local/lib/python3.10/dist-packages/unitree_go/msg/_audio_data_s.c
[263.485s] -- Symlinking: /home/lzbb/rk_inspection_ws/third_party/unitree_ros2/cyclonedds_ws/install/unitree_go/local/lib/python3.10/dist-packages/unitree_go/msg/_bms_cmd.py
[263.517s] -- Symlinking: /home/lzbb/rk_inspection_ws/third_party/unitree_ros2/cyclonedds_ws/install/unitree_go/local/lib/python3.10/dist-packages/unitree_go/msg/_bms_cmd_s.c
[263.551s] -- Symlinking: /home/lzbb/rk_inspection_ws/third_party/unitree_ros2/cyclonedds_ws/install/unitree_go/local/lib/python3.10/dist-packages/unitree_go/msg/_bms_state.py
[263.580s] -- Symlinking: /home/lzbb/rk_inspection_ws/third_party/unitree_ros2/cyclonedds_ws/install/unitree_go/local/lib/python3.10/dist-packages/unitree_go/msg/_bms_state_s.c
[263.609s] -- Symlinking: /home/lzbb/rk_inspection_ws/third_party/unitree_ros2/cyclonedds_ws/install/unitree_go/local/lib/python3.10/dist-packages/unitree_go/msg/_error.py
[263.641s] -- Symlinking: /home/lzbb/rk_inspection_ws/third_party/unitree_ros2/cyclonedds_ws/install/unitree_go/local/lib/python3.10/dist-packages/unitree_go/msg/_error_s.c
[263.675s] -- Symlinking: /home/lzbb/rk_inspection_ws/third_party/unitree_ros2/cyclonedds_ws/install/unitree_go/local/lib/python3.10/dist-packages/unitree_go/msg/_go2_front_video_data.py
[263.706s] -- Symlinking: /home/lzbb/rk_inspection_ws/third_party/unitree_ros2/cyclonedds_ws/install/unitree_go/local/lib/python3.10/dist-packages/unitree_go/msg/_go2_front_video_data_s.c
[263.742s] -- Symlinking: /home/lzbb/rk_inspection_ws/third_party/unitree_ros2/cyclonedds_ws/install/unitree_go/local/lib/python3.10/dist-packages/unitree_go/msg/_height_map.py
[263.773s] -- Symlinking: /home/lzbb/rk_inspection_ws/third_party/unitree_ros2/cyclonedds_ws/install/unitree_go/local/lib/python3.10/dist-packages/unitree_go/msg/_height_map_s.c
[263.806s] -- Symlinking: /home/lzbb/rk_inspection_ws/third_party/unitree_ros2/cyclonedds_ws/install/unitree_go/local/lib/python3.10/dist-packages/unitree_go/msg/_imu_state.py
[263.834s] -- Symlinking: /home/lzbb/rk_inspection_ws/third_party/unitree_ros2/cyclonedds_ws/install/unitree_go/local/lib/python3.10/dist-packages/unitree_go/msg/_imu_state_s.c
[263.864s] -- Symlinking: /home/lzbb/rk_inspection_ws/third_party/unitree_ros2/cyclonedds_ws/install/unitree_go/local/lib/python3.10/dist-packages/unitree_go/msg/_interface_config.py
[263.895s] -- Symlinking: /home/lzbb/rk_inspection_ws/third_party/unitree_ros2/cyclonedds_ws/install/unitree_go/local/lib/python3.10/dist-packages/unitree_go/msg/_interface_config_s.c
[263.935s] -- Symlinking: /home/lzbb/rk_inspection_ws/third_party/unitree_ros2/cyclonedds_ws/install/unitree_go/local/lib/python3.10/dist-packages/unitree_go/msg/_lidar_state.py
[263.967s] -- Symlinking: /home/lzbb/rk_inspection_ws/third_party/unitree_ros2/cyclonedds_ws/install/unitree_go/local/lib/python3.10/dist-packages/unitree_go/msg/_lidar_state_s.c
[263.999s] -- Symlinking: /home/lzbb/rk_inspection_ws/third_party/unitree_ros2/cyclonedds_ws/install/unitree_go/local/lib/python3.10/dist-packages/unitree_go/msg/_low_cmd.py
[264.033s] -- Symlinking: /home/lzbb/rk_inspection_ws/third_party/unitree_ros2/cyclonedds_ws/install/unitree_go/local/lib/python3.10/dist-packages/unitree_go/msg/_low_cmd_s.c
[264.066s] -- Symlinking: /home/lzbb/rk_inspection_ws/third_party/unitree_ros2/cyclonedds_ws/install/unitree_go/local/lib/python3.10/dist-packages/unitree_go/msg/_low_state.py
[264.096s] -- Symlinking: /home/lzbb/rk_inspection_ws/third_party/unitree_ros2/cyclonedds_ws/install/unitree_go/local/lib/python3.10/dist-packages/unitree_go/msg/_low_state_s.c
[264.127s] -- Symlinking: /home/lzbb/rk_inspection_ws/third_party/unitree_ros2/cyclonedds_ws/install/unitree_go/local/lib/python3.10/dist-packages/unitree_go/msg/_motor_cmd.py
[264.155s] -- Symlinking: /home/lzbb/rk_inspection_ws/third_party/unitree_ros2/cyclonedds_ws/install/unitree_go/local/lib/python3.10/dist-packages/unitree_go/msg/_motor_cmd_s.c
[264.251s] -- Symlinking: /home/lzbb/rk_inspection_ws/third_party/unitree_ros2/cyclonedds_ws/install/unitree_go/local/lib/python3.10/dist-packages/unitree_go/msg/_motor_cmds.py
[264.279s] -- Symlinking: /home/lzbb/rk_inspection_ws/third_party/unitree_ros2/cyclonedds_ws/install/unitree_go/local/lib/python3.10/dist-packages/unitree_go/msg/_motor_cmds_s.c
[264.313s] -- Symlinking: /home/lzbb/rk_inspection_ws/third_party/unitree_ros2/cyclonedds_ws/install/unitree_go/local/lib/python3.10/dist-packages/unitree_go/msg/_motor_state.py
[264.349s] -- Symlinking: /home/lzbb/rk_inspection_ws/third_party/unitree_ros2/cyclonedds_ws/install/unitree_go/local/lib/python3.10/dist-packages/unitree_go/msg/_motor_state_s.c
[264.386s] -- Symlinking: /home/lzbb/rk_inspection_ws/third_party/unitree_ros2/cyclonedds_ws/install/unitree_go/local/lib/python3.10/dist-packages/unitree_go/msg/_motor_states.py
[264.416s] -- Symlinking: /home/lzbb/rk_inspection_ws/third_party/unitree_ros2/cyclonedds_ws/install/unitree_go/local/lib/python3.10/dist-packages/unitree_go/msg/_motor_states_s.c
[264.435s] -- Symlinking: /home/lzbb/rk_inspection_ws/third_party/unitree_ros2/cyclonedds_ws/install/unitree_go/local/lib/python3.10/dist-packages/unitree_go/msg/_path_point.py
[264.472s] -- Symlinking: /home/lzbb/rk_inspection_ws/third_party/unitree_ros2/cyclonedds_ws/install/unitree_go/local/lib/python3.10/dist-packages/unitree_go/msg/_path_point_s.c
[264.509s] -- Symlinking: /home/lzbb/rk_inspection_ws/third_party/unitree_ros2/cyclonedds_ws/install/unitree_go/local/lib/python3.10/dist-packages/unitree_go/msg/_req.py
[264.535s] -- Symlinking: /home/lzbb/rk_inspection_ws/third_party/unitree_ros2/cyclonedds_ws/install/unitree_go/local/lib/python3.10/dist-packages/unitree_go/msg/_req_s.c
[264.573s] -- Symlinking: /home/lzbb/rk_inspection_ws/third_party/unitree_ros2/cyclonedds_ws/install/unitree_go/local/lib/python3.10/dist-packages/unitree_go/msg/_res.py
[264.604s] -- Symlinking: /home/lzbb/rk_inspection_ws/third_party/unitree_ros2/cyclonedds_ws/install/unitree_go/local/lib/python3.10/dist-packages/unitree_go/msg/_res_s.c
[264.635s] -- Symlinking: /home/lzbb/rk_inspection_ws/third_party/unitree_ros2/cyclonedds_ws/install/unitree_go/local/lib/python3.10/dist-packages/unitree_go/msg/_sport_mode_cmd.py
[264.667s] -- Symlinking: /home/lzbb/rk_inspection_ws/third_party/unitree_ros2/cyclonedds_ws/install/unitree_go/local/lib/python3.10/dist-packages/unitree_go/msg/_sport_mode_cmd_s.c
[264.705s] -- Symlinking: /home/lzbb/rk_inspection_ws/third_party/unitree_ros2/cyclonedds_ws/install/unitree_go/local/lib/python3.10/dist-packages/unitree_go/msg/_sport_mode_state.py
[264.741s] -- Symlinking: /home/lzbb/rk_inspection_ws/third_party/unitree_ros2/cyclonedds_ws/install/unitree_go/local/lib/python3.10/dist-packages/unitree_go/msg/_sport_mode_state_s.c
[264.777s] -- Symlinking: /home/lzbb/rk_inspection_ws/third_party/unitree_ros2/cyclonedds_ws/install/unitree_go/local/lib/python3.10/dist-packages/unitree_go/msg/_time_spec.py
[264.810s] -- Symlinking: /home/lzbb/rk_inspection_ws/third_party/unitree_ros2/cyclonedds_ws/install/unitree_go/local/lib/python3.10/dist-packages/unitree_go/msg/_time_spec_s.c
[264.843s] -- Symlinking: /home/lzbb/rk_inspection_ws/third_party/unitree_ros2/cyclonedds_ws/install/unitree_go/local/lib/python3.10/dist-packages/unitree_go/msg/_uwb_state.py
[264.880s] -- Symlinking: /home/lzbb/rk_inspection_ws/third_party/unitree_ros2/cyclonedds_ws/install/unitree_go/local/lib/python3.10/dist-packages/unitree_go/msg/_uwb_state_s.c
[264.919s] -- Symlinking: /home/lzbb/rk_inspection_ws/third_party/unitree_ros2/cyclonedds_ws/install/unitree_go/local/lib/python3.10/dist-packages/unitree_go/msg/_uwb_switch.py
[264.967s] -- Symlinking: /home/lzbb/rk_inspection_ws/third_party/unitree_ros2/cyclonedds_ws/install/unitree_go/local/lib/python3.10/dist-packages/unitree_go/msg/_uwb_switch_s.c
[265.000s] -- Symlinking: /home/lzbb/rk_inspection_ws/third_party/unitree_ros2/cyclonedds_ws/install/unitree_go/local/lib/python3.10/dist-packages/unitree_go/msg/_wireless_controller.py
[265.037s] -- Symlinking: /home/lzbb/rk_inspection_ws/third_party/unitree_ros2/cyclonedds_ws/install/unitree_go/local/lib/python3.10/dist-packages/unitree_go/msg/_wireless_controller_s.c
[265.069s] -- Symlinking: /home/lzbb/rk_inspection_ws/third_party/unitree_ros2/cyclonedds_ws/install/unitree_go/local/lib/python3.10/dist-packages/unitree_go/unitree_go_s__rosidl_typesupport_c.cpython-310-x86_64-linux-gnu.so
[265.099s] -- Symlinking: /home/lzbb/rk_inspection_ws/third_party/unitree_ros2/cyclonedds_ws/install/unitree_go/local/lib/python3.10/dist-packages/unitree_go/unitree_go_s__rosidl_typesupport_fastrtps_c.cpython-310-x86_64-linux-gnu.so
[265.138s] -- Symlinking: /home/lzbb/rk_inspection_ws/third_party/unitree_ros2/cyclonedds_ws/install/unitree_go/local/lib/python3.10/dist-packages/unitree_go/unitree_go_s__rosidl_typesupport_introspection_c.cpython-310-x86_64-linux-gnu.so
[265.172s] -- Up-to-date symlink: /home/lzbb/rk_inspection_ws/third_party/unitree_ros2/cyclonedds_ws/install/unitree_go/local/lib/python3.10/dist-packages/unitree_go/unitree_go_s__rosidl_typesupport_fastrtps_c.cpython-310-x86_64-linux-gnu.so
[265.173s] -- Up-to-date symlink: /home/lzbb/rk_inspection_ws/third_party/unitree_ros2/cyclonedds_ws/install/unitree_go/local/lib/python3.10/dist-packages/unitree_go/unitree_go_s__rosidl_typesupport_introspection_c.cpython-310-x86_64-linux-gnu.so
[265.174s] -- Up-to-date symlink: /home/lzbb/rk_inspection_ws/third_party/unitree_ros2/cyclonedds_ws/install/unitree_go/local/lib/python3.10/dist-packages/unitree_go/unitree_go_s__rosidl_typesupport_c.cpython-310-x86_64-linux-gnu.so
[265.176s] -- Symlinking: /home/lzbb/rk_inspection_ws/third_party/unitree_ros2/cyclonedds_ws/install/unitree_go/share/ament_index/resource_index/rust_packages/unitree_go
[265.210s] -- Symlinking: /home/lzbb/rk_inspection_ws/third_party/unitree_ros2/cyclonedds_ws/install/unitree_go/share/unitree_go/rust/Cargo.toml
[265.238s] -- Symlinking: /home/lzbb/rk_inspection_ws/third_party/unitree_ros2/cyclonedds_ws/install/unitree_go/share/unitree_go/rust/build.rs
[265.275s] -- Symlinking: /home/lzbb/rk_inspection_ws/third_party/unitree_ros2/cyclonedds_ws/install/unitree_go/share/unitree_go/rust/src/lib.rs
[265.307s] -- Symlinking: /home/lzbb/rk_inspection_ws/third_party/unitree_ros2/cyclonedds_ws/install/unitree_go/share/unitree_go/rust/src/msg.rs
[265.336s] -- Symlinking: /home/lzbb/rk_inspection_ws/third_party/unitree_ros2/cyclonedds_ws/install/unitree_go/share/unitree_go/rust/src/msg/rmw.rs
[265.372s] -- Symlinking: /home/lzbb/rk_inspection_ws/third_party/unitree_ros2/cyclonedds_ws/install/unitree_go/share/unitree_go/msg/AudioData.idl
[265.403s] -- Symlinking: /home/lzbb/rk_inspection_ws/third_party/unitree_ros2/cyclonedds_ws/install/unitree_go/share/unitree_go/msg/BmsCmd.idl
[265.442s] -- Symlinking: /home/lzbb/rk_inspection_ws/third_party/unitree_ros2/cyclonedds_ws/install/unitree_go/share/unitree_go/msg/BmsState.idl
[265.482s] -- Symlinking: /home/lzbb/rk_inspection_ws/third_party/unitree_ros2/cyclonedds_ws/install/unitree_go/share/unitree_go/msg/Error.idl
[265.518s] -- Symlinking: /home/lzbb/rk_inspection_ws/third_party/unitree_ros2/cyclonedds_ws/install/unitree_go/share/unitree_go/msg/Go2FrontVideoData.idl
[265.553s] -- Symlinking: /home/lzbb/rk_inspection_ws/third_party/unitree_ros2/cyclonedds_ws/install/unitree_go/share/unitree_go/msg/HeightMap.idl
[265.588s] -- Symlinking: /home/lzbb/rk_inspection_ws/third_party/unitree_ros2/cyclonedds_ws/install/unitree_go/share/unitree_go/msg/IMUState.idl
[265.621s] -- Symlinking: /home/lzbb/rk_inspection_ws/third_party/unitree_ros2/cyclonedds_ws/install/unitree_go/share/unitree_go/msg/InterfaceConfig.idl
[265.660s] -- Symlinking: /home/lzbb/rk_inspection_ws/third_party/unitree_ros2/cyclonedds_ws/install/unitree_go/share/unitree_go/msg/LidarState.idl
[265.696s] -- Symlinking: /home/lzbb/rk_inspection_ws/third_party/unitree_ros2/cyclonedds_ws/install/unitree_go/share/unitree_go/msg/LowCmd.idl
[265.732s] -- Symlinking: /home/lzbb/rk_inspection_ws/third_party/unitree_ros2/cyclonedds_ws/install/unitree_go/share/unitree_go/msg/LowState.idl
[265.767s] -- Symlinking: /home/lzbb/rk_inspection_ws/third_party/unitree_ros2/cyclonedds_ws/install/unitree_go/share/unitree_go/msg/MotorCmd.idl
[265.801s] -- Symlinking: /home/lzbb/rk_inspection_ws/third_party/unitree_ros2/cyclonedds_ws/install/unitree_go/share/unitree_go/msg/MotorCmds.idl
[265.828s] -- Symlinking: /home/lzbb/rk_inspection_ws/third_party/unitree_ros2/cyclonedds_ws/install/unitree_go/share/unitree_go/msg/MotorState.idl
[265.856s] -- Symlinking: /home/lzbb/rk_inspection_ws/third_party/unitree_ros2/cyclonedds_ws/install/unitree_go/share/unitree_go/msg/MotorStates.idl
[265.890s] -- Symlinking: /home/lzbb/rk_inspection_ws/third_party/unitree_ros2/cyclonedds_ws/install/unitree_go/share/unitree_go/msg/PathPoint.idl
[265.923s] -- Symlinking: /home/lzbb/rk_inspection_ws/third_party/unitree_ros2/cyclonedds_ws/install/unitree_go/share/unitree_go/msg/Req.idl
[265.955s] -- Symlinking: /home/lzbb/rk_inspection_ws/third_party/unitree_ros2/cyclonedds_ws/install/unitree_go/share/unitree_go/msg/Res.idl
[265.982s] -- Symlinking: /home/lzbb/rk_inspection_ws/third_party/unitree_ros2/cyclonedds_ws/install/unitree_go/share/unitree_go/msg/SportModeCmd.idl
[266.013s] -- Symlinking: /home/lzbb/rk_inspection_ws/third_party/unitree_ros2/cyclonedds_ws/install/unitree_go/share/unitree_go/msg/SportModeState.idl
[266.048s] -- Symlinking: /home/lzbb/rk_inspection_ws/third_party/unitree_ros2/cyclonedds_ws/install/unitree_go/share/unitree_go/msg/TimeSpec.idl
[266.080s] -- Symlinking: /home/lzbb/rk_inspection_ws/third_party/unitree_ros2/cyclonedds_ws/install/unitree_go/share/unitree_go/msg/UwbState.idl
[266.112s] -- Symlinking: /home/lzbb/rk_inspection_ws/third_party/unitree_ros2/cyclonedds_ws/install/unitree_go/share/unitree_go/msg/UwbSwitch.idl
[266.145s] -- Symlinking: /home/lzbb/rk_inspection_ws/third_party/unitree_ros2/cyclonedds_ws/install/unitree_go/share/unitree_go/msg/WirelessController.idl
[266.172s] -- Symlinking: /home/lzbb/rk_inspection_ws/third_party/unitree_ros2/cyclonedds_ws/install/unitree_go/share/unitree_go/msg/AudioData.msg
[266.207s] -- Symlinking: /home/lzbb/rk_inspection_ws/third_party/unitree_ros2/cyclonedds_ws/install/unitree_go/share/unitree_go/msg/BmsCmd.msg
[266.243s] -- Symlinking: /home/lzbb/rk_inspection_ws/third_party/unitree_ros2/cyclonedds_ws/install/unitree_go/share/unitree_go/msg/BmsState.msg
[266.273s] -- Symlinking: /home/lzbb/rk_inspection_ws/third_party/unitree_ros2/cyclonedds_ws/install/unitree_go/share/unitree_go/msg/Error.msg
[266.301s] -- Symlinking: /home/lzbb/rk_inspection_ws/third_party/unitree_ros2/cyclonedds_ws/install/unitree_go/share/unitree_go/msg/Go2FrontVideoData.msg
[266.329s] -- Symlinking: /home/lzbb/rk_inspection_ws/third_party/unitree_ros2/cyclonedds_ws/install/unitree_go/share/unitree_go/msg/HeightMap.msg
[266.361s] -- Symlinking: /home/lzbb/rk_inspection_ws/third_party/unitree_ros2/cyclonedds_ws/install/unitree_go/share/unitree_go/msg/IMUState.msg
[266.396s] -- Symlinking: /home/lzbb/rk_inspection_ws/third_party/unitree_ros2/cyclonedds_ws/install/unitree_go/share/unitree_go/msg/InterfaceConfig.msg
[266.424s] -- Symlinking: /home/lzbb/rk_inspection_ws/third_party/unitree_ros2/cyclonedds_ws/install/unitree_go/share/unitree_go/msg/LidarState.msg
[266.457s] -- Symlinking: /home/lzbb/rk_inspection_ws/third_party/unitree_ros2/cyclonedds_ws/install/unitree_go/share/unitree_go/msg/LowCmd.msg
[266.489s] -- Symlinking: /home/lzbb/rk_inspection_ws/third_party/unitree_ros2/cyclonedds_ws/install/unitree_go/share/unitree_go/msg/LowState.msg
[266.518s] -- Symlinking: /home/lzbb/rk_inspection_ws/third_party/unitree_ros2/cyclonedds_ws/install/unitree_go/share/unitree_go/msg/MotorCmd.msg
[266.549s] -- Symlinking: /home/lzbb/rk_inspection_ws/third_party/unitree_ros2/cyclonedds_ws/install/unitree_go/share/unitree_go/msg/MotorCmds.msg
[266.580s] -- Symlinking: /home/lzbb/rk_inspection_ws/third_party/unitree_ros2/cyclonedds_ws/install/unitree_go/share/unitree_go/msg/MotorState.msg
[266.612s] -- Symlinking: /home/lzbb/rk_inspection_ws/third_party/unitree_ros2/cyclonedds_ws/install/unitree_go/share/unitree_go/msg/MotorStates.msg
[266.647s] -- Symlinking: /home/lzbb/rk_inspection_ws/third_party/unitree_ros2/cyclonedds_ws/install/unitree_go/share/unitree_go/msg/PathPoint.msg
[266.677s] -- Symlinking: /home/lzbb/rk_inspection_ws/third_party/unitree_ros2/cyclonedds_ws/install/unitree_go/share/unitree_go/msg/Req.msg
[266.711s] -- Symlinking: /home/lzbb/rk_inspection_ws/third_party/unitree_ros2/cyclonedds_ws/install/unitree_go/share/unitree_go/msg/Res.msg
[266.743s] -- Symlinking: /home/lzbb/rk_inspection_ws/third_party/unitree_ros2/cyclonedds_ws/install/unitree_go/share/unitree_go/msg/SportModeCmd.msg
[266.775s] -- Symlinking: /home/lzbb/rk_inspection_ws/third_party/unitree_ros2/cyclonedds_ws/install/unitree_go/share/unitree_go/msg/SportModeState.msg
[266.803s] -- Symlinking: /home/lzbb/rk_inspection_ws/third_party/unitree_ros2/cyclonedds_ws/install/unitree_go/share/unitree_go/msg/TimeSpec.msg
[266.830s] -- Symlinking: /home/lzbb/rk_inspection_ws/third_party/unitree_ros2/cyclonedds_ws/install/unitree_go/share/unitree_go/msg/UwbState.msg
[266.857s] -- Symlinking: /home/lzbb/rk_inspection_ws/third_party/unitree_ros2/cyclonedds_ws/install/unitree_go/share/unitree_go/msg/UwbSwitch.msg
[266.885s] -- Symlinking: /home/lzbb/rk_inspection_ws/third_party/unitree_ros2/cyclonedds_ws/install/unitree_go/share/unitree_go/msg/WirelessController.msg
[266.917s] -- Symlinking: /home/lzbb/rk_inspection_ws/third_party/unitree_ros2/cyclonedds_ws/install/unitree_go/share/unitree_go/msg/dds_connext/AudioData_.idl
[266.944s] -- Symlinking: /home/lzbb/rk_inspection_ws/third_party/unitree_ros2/cyclonedds_ws/install/unitree_go/share/unitree_go/msg/dds_connext/BmsCmd_.idl
[266.981s] -- Symlinking: /home/lzbb/rk_inspection_ws/third_party/unitree_ros2/cyclonedds_ws/install/unitree_go/share/unitree_go/msg/dds_connext/BmsState_.idl
[267.012s] -- Symlinking: /home/lzbb/rk_inspection_ws/third_party/unitree_ros2/cyclonedds_ws/install/unitree_go/share/unitree_go/msg/dds_connext/Error_.idl
[267.041s] -- Symlinking: /home/lzbb/rk_inspection_ws/third_party/unitree_ros2/cyclonedds_ws/install/unitree_go/share/unitree_go/msg/dds_connext/Go2FrontVideoData_.idl
[267.065s] -- Symlinking: /home/lzbb/rk_inspection_ws/third_party/unitree_ros2/cyclonedds_ws/install/unitree_go/share/unitree_go/msg/dds_connext/HeightMap_.idl
[267.099s] -- Symlinking: /home/lzbb/rk_inspection_ws/third_party/unitree_ros2/cyclonedds_ws/install/unitree_go/share/unitree_go/msg/dds_connext/IMUState_.idl
[267.131s] -- Symlinking: /home/lzbb/rk_inspection_ws/third_party/unitree_ros2/cyclonedds_ws/install/unitree_go/share/unitree_go/msg/dds_connext/InterfaceConfig_.idl
[267.165s] -- Symlinking: /home/lzbb/rk_inspection_ws/third_party/unitree_ros2/cyclonedds_ws/install/unitree_go/share/unitree_go/msg/dds_connext/LidarState_.idl
[267.200s] -- Symlinking: /home/lzbb/rk_inspection_ws/third_party/unitree_ros2/cyclonedds_ws/install/unitree_go/share/unitree_go/msg/dds_connext/LowCmd_.idl
[267.234s] -- Symlinking: /home/lzbb/rk_inspection_ws/third_party/unitree_ros2/cyclonedds_ws/install/unitree_go/share/unitree_go/msg/dds_connext/LowState_.idl
[267.266s] -- Symlinking: /home/lzbb/rk_inspection_ws/third_party/unitree_ros2/cyclonedds_ws/install/unitree_go/share/unitree_go/msg/dds_connext/MotorCmd_.idl
[267.293s] -- Symlinking: /home/lzbb/rk_inspection_ws/third_party/unitree_ros2/cyclonedds_ws/install/unitree_go/share/unitree_go/msg/dds_connext/MotorCmds_.idl
[267.310s] -- Symlinking: /home/lzbb/rk_inspection_ws/third_party/unitree_ros2/cyclonedds_ws/install/unitree_go/share/unitree_go/msg/dds_connext/MotorState_.idl
[267.341s] -- Symlinking: /home/lzbb/rk_inspection_ws/third_party/unitree_ros2/cyclonedds_ws/install/unitree_go/share/unitree_go/msg/dds_connext/MotorStates_.idl
[267.371s] -- Symlinking: /home/lzbb/rk_inspection_ws/third_party/unitree_ros2/cyclonedds_ws/install/unitree_go/share/unitree_go/msg/dds_connext/PathPoint_.idl
[267.407s] -- Symlinking: /home/lzbb/rk_inspection_ws/third_party/unitree_ros2/cyclonedds_ws/install/unitree_go/share/unitree_go/msg/dds_connext/Req_.idl
[267.433s] -- Symlinking: /home/lzbb/rk_inspection_ws/third_party/unitree_ros2/cyclonedds_ws/install/unitree_go/share/unitree_go/msg/dds_connext/Res_.idl
[267.463s] -- Symlinking: /home/lzbb/rk_inspection_ws/third_party/unitree_ros2/cyclonedds_ws/install/unitree_go/share/unitree_go/msg/dds_connext/SportModeCmd_.idl
[267.507s] -- Symlinking: /home/lzbb/rk_inspection_ws/third_party/unitree_ros2/cyclonedds_ws/install/unitree_go/share/unitree_go/msg/dds_connext/SportModeState_.idl
[267.540s] -- Symlinking: /home/lzbb/rk_inspection_ws/third_party/unitree_ros2/cyclonedds_ws/install/unitree_go/share/unitree_go/msg/dds_connext/TimeSpec_.idl
[267.603s] -- Symlinking: /home/lzbb/rk_inspection_ws/third_party/unitree_ros2/cyclonedds_ws/install/unitree_go/share/unitree_go/msg/dds_connext/UwbState_.idl
[267.665s] -- Symlinking: /home/lzbb/rk_inspection_ws/third_party/unitree_ros2/cyclonedds_ws/install/unitree_go/share/unitree_go/msg/dds_connext/UwbSwitch_.idl
[267.704s] -- Symlinking: /home/lzbb/rk_inspection_ws/third_party/unitree_ros2/cyclonedds_ws/install/unitree_go/share/unitree_go/msg/dds_connext/WirelessController_.idl
[267.744s] -- Symlinking: /home/lzbb/rk_inspection_ws/third_party/unitree_ros2/cyclonedds_ws/install/unitree_go/share/ament_index/resource_index/package_run_dependencies/unitree_go
[267.774s] -- Symlinking: /home/lzbb/rk_inspection_ws/third_party/unitree_ros2/cyclonedds_ws/install/unitree_go/share/ament_index/resource_index/parent_prefix_path/unitree_go
[267.807s] -- Symlinking: /home/lzbb/rk_inspection_ws/third_party/unitree_ros2/cyclonedds_ws/install/unitree_go/share/unitree_go/environment/ament_prefix_path.sh
[267.841s] -- Symlinking: /home/lzbb/rk_inspection_ws/third_party/unitree_ros2/cyclonedds_ws/install/unitree_go/share/unitree_go/environment/ament_prefix_path.dsv
[267.869s] -- Symlinking: /home/lzbb/rk_inspection_ws/third_party/unitree_ros2/cyclonedds_ws/install/unitree_go/share/unitree_go/environment/path.sh
[267.902s] -- Symlinking: /home/lzbb/rk_inspection_ws/third_party/unitree_ros2/cyclonedds_ws/install/unitree_go/share/unitree_go/environment/path.dsv
[267.928s] -- Symlinking: /home/lzbb/rk_inspection_ws/third_party/unitree_ros2/cyclonedds_ws/install/unitree_go/share/unitree_go/local_setup.bash
[267.957s] -- Symlinking: /home/lzbb/rk_inspection_ws/third_party/unitree_ros2/cyclonedds_ws/install/unitree_go/share/unitree_go/local_setup.sh
[267.989s] -- Symlinking: /home/lzbb/rk_inspection_ws/third_party/unitree_ros2/cyclonedds_ws/install/unitree_go/share/unitree_go/local_setup.zsh
[268.029s] -- Symlinking: /home/lzbb/rk_inspection_ws/third_party/unitree_ros2/cyclonedds_ws/install/unitree_go/share/unitree_go/local_setup.dsv
[268.059s] -- Symlinking: /home/lzbb/rk_inspection_ws/third_party/unitree_ros2/cyclonedds_ws/install/unitree_go/share/unitree_go/package.dsv
[268.095s] -- Symlinking: /home/lzbb/rk_inspection_ws/third_party/unitree_ros2/cyclonedds_ws/install/unitree_go/share/ament_index/resource_index/packages/unitree_go
[268.133s] -- Symlinking: /home/lzbb/rk_inspection_ws/third_party/unitree_ros2/cyclonedds_ws/install/unitree_go/share/unitree_go/cmake/rosidl_cmake-extras.cmake
[268.170s] -- Symlinking: /home/lzbb/rk_inspection_ws/third_party/unitree_ros2/cyclonedds_ws/install/unitree_go/share/unitree_go/cmake/ament_cmake_export_dependencies-extras.cmake
[268.201s] -- Symlinking: /home/lzbb/rk_inspection_ws/third_party/unitree_ros2/cyclonedds_ws/install/unitree_go/share/unitree_go/cmake/ament_cmake_export_include_directories-extras.cmake
[268.240s] -- Symlinking: /home/lzbb/rk_inspection_ws/third_party/unitree_ros2/cyclonedds_ws/install/unitree_go/share/unitree_go/cmake/ament_cmake_export_libraries-extras.cmake
[268.275s] -- Symlinking: /home/lzbb/rk_inspection_ws/third_party/unitree_ros2/cyclonedds_ws/install/unitree_go/share/unitree_go/cmake/ament_cmake_export_targets-extras.cmake
[268.308s] -- Symlinking: /home/lzbb/rk_inspection_ws/third_party/unitree_ros2/cyclonedds_ws/install/unitree_go/share/unitree_go/cmake/rosidl_cmake_export_typesupport_targets-extras.cmake
[268.332s] -- Symlinking: /home/lzbb/rk_inspection_ws/third_party/unitree_ros2/cyclonedds_ws/install/unitree_go/share/unitree_go/cmake/rosidl_cmake_export_typesupport_libraries-extras.cmake
[268.363s] -- Symlinking: /home/lzbb/rk_inspection_ws/third_party/unitree_ros2/cyclonedds_ws/install/unitree_go/share/unitree_go/cmake/unitree_goConfig.cmake
[268.403s] -- Symlinking: /home/lzbb/rk_inspection_ws/third_party/unitree_ros2/cyclonedds_ws/install/unitree_go/share/unitree_go/cmake/unitree_goConfig-version.cmake
[268.428s] -- Symlinking: /home/lzbb/rk_inspection_ws/third_party/unitree_ros2/cyclonedds_ws/install/unitree_go/share/unitree_go/package.xml
[268.463s] -- Installing: /home/lzbb/rk_inspection_ws/third_party/unitree_ros2/cyclonedds_ws/install/unitree_go/lib/libunitree_go__rosidl_generator_c.so
[268.465s] -- Set runtime path of "/home/lzbb/rk_inspection_ws/third_party/unitree_ros2/cyclonedds_ws/install/unitree_go/lib/libunitree_go__rosidl_generator_c.so" to ""
[268.466s] -- Installing: /home/lzbb/rk_inspection_ws/third_party/unitree_ros2/cyclonedds_ws/install/unitree_go/lib/libunitree_go__rosidl_typesupport_fastrtps_c.so
[268.468s] -- Set runtime path of "/home/lzbb/rk_inspection_ws/third_party/unitree_ros2/cyclonedds_ws/install/unitree_go/lib/libunitree_go__rosidl_typesupport_fastrtps_c.so" to ""
[268.469s] -- Installing: /home/lzbb/rk_inspection_ws/third_party/unitree_ros2/cyclonedds_ws/install/unitree_go/lib/libunitree_go__rosidl_typesupport_fastrtps_cpp.so
[268.474s] -- Set runtime path of "/home/lzbb/rk_inspection_ws/third_party/unitree_ros2/cyclonedds_ws/install/unitree_go/lib/libunitree_go__rosidl_typesupport_fastrtps_cpp.so" to ""
[268.474s] -- Installing: /home/lzbb/rk_inspection_ws/third_party/unitree_ros2/cyclonedds_ws/install/unitree_go/lib/libunitree_go__rosidl_typesupport_introspection_c.so
[268.476s] -- Set runtime path of "/home/lzbb/rk_inspection_ws/third_party/unitree_ros2/cyclonedds_ws/install/unitree_go/lib/libunitree_go__rosidl_typesupport_introspection_c.so" to ""
[268.476s] -- Installing: /home/lzbb/rk_inspection_ws/third_party/unitree_ros2/cyclonedds_ws/install/unitree_go/lib/libunitree_go__rosidl_typesupport_c.so
[268.479s] -- Set runtime path of "/home/lzbb/rk_inspection_ws/third_party/unitree_ros2/cyclonedds_ws/install/unitree_go/lib/libunitree_go__rosidl_typesupport_c.so" to ""
[268.479s] -- Installing: /home/lzbb/rk_inspection_ws/third_party/unitree_ros2/cyclonedds_ws/install/unitree_go/lib/libunitree_go__rosidl_typesupport_introspection_cpp.so
[268.487s] -- Set runtime path of "/home/lzbb/rk_inspection_ws/third_party/unitree_ros2/cyclonedds_ws/install/unitree_go/lib/libunitree_go__rosidl_typesupport_introspection_cpp.so" to ""
[268.488s] -- Installing: /home/lzbb/rk_inspection_ws/third_party/unitree_ros2/cyclonedds_ws/install/unitree_go/lib/libunitree_go__rosidl_typesupport_cpp.so
[268.488s] -- Set runtime path of "/home/lzbb/rk_inspection_ws/third_party/unitree_ros2/cyclonedds_ws/install/unitree_go/lib/libunitree_go__rosidl_typesupport_cpp.so" to ""
[268.768s] Listing '/home/lzbb/rk_inspection_ws/third_party/unitree_ros2/cyclonedds_ws/install/unitree_go/local/lib/python3.10/dist-packages/unitree_go'...
[268.769s] Compiling '/home/lzbb/rk_inspection_ws/third_party/unitree_ros2/cyclonedds_ws/install/unitree_go/local/lib/python3.10/dist-packages/unitree_go/__init__.py'...
[268.769s] Listing '/home/lzbb/rk_inspection_ws/third_party/unitree_ros2/cyclonedds_ws/install/unitree_go/local/lib/python3.10/dist-packages/unitree_go/msg'...
[268.770s] Compiling '/home/lzbb/rk_inspection_ws/third_party/unitree_ros2/cyclonedds_ws/install/unitree_go/local/lib/python3.10/dist-packages/unitree_go/msg/__init__.py'...
[268.770s] Compiling '/home/lzbb/rk_inspection_ws/third_party/unitree_ros2/cyclonedds_ws/install/unitree_go/local/lib/python3.10/dist-packages/unitree_go/msg/_audio_data.py'...
[268.770s] Compiling '/home/lzbb/rk_inspection_ws/third_party/unitree_ros2/cyclonedds_ws/install/unitree_go/local/lib/python3.10/dist-packages/unitree_go/msg/_bms_cmd.py'...
[268.771s] Compiling '/home/lzbb/rk_inspection_ws/third_party/unitree_ros2/cyclonedds_ws/install/unitree_go/local/lib/python3.10/dist-packages/unitree_go/msg/_bms_state.py'...
[268.772s] Compiling '/home/lzbb/rk_inspection_ws/third_party/unitree_ros2/cyclonedds_ws/install/unitree_go/local/lib/python3.10/dist-packages/unitree_go/msg/_error.py'...
[268.773s] Compiling '/home/lzbb/rk_inspection_ws/third_party/unitree_ros2/cyclonedds_ws/install/unitree_go/local/lib/python3.10/dist-packages/unitree_go/msg/_go2_front_video_data.py'...
[268.773s] Compiling '/home/lzbb/rk_inspection_ws/third_party/unitree_ros2/cyclonedds_ws/install/unitree_go/local/lib/python3.10/dist-packages/unitree_go/msg/_height_map.py'...
[268.773s] Compiling '/home/lzbb/rk_inspection_ws/third_party/unitree_ros2/cyclonedds_ws/install/unitree_go/local/lib/python3.10/dist-packages/unitree_go/msg/_imu_state.py'...
[268.773s] Compiling '/home/lzbb/rk_inspection_ws/third_party/unitree_ros2/cyclonedds_ws/install/unitree_go/local/lib/python3.10/dist-packages/unitree_go/msg/_interface_config.py'...
[268.773s] Compiling '/home/lzbb/rk_inspection_ws/third_party/unitree_ros2/cyclonedds_ws/install/unitree_go/local/lib/python3.10/dist-packages/unitree_go/msg/_lidar_state.py'...
[268.773s] Compiling '/home/lzbb/rk_inspection_ws/third_party/unitree_ros2/cyclonedds_ws/install/unitree_go/local/lib/python3.10/dist-packages/unitree_go/msg/_low_cmd.py'...
[268.773s] Compiling '/home/lzbb/rk_inspection_ws/third_party/unitree_ros2/cyclonedds_ws/install/unitree_go/local/lib/python3.10/dist-packages/unitree_go/msg/_low_state.py'...
[268.773s] Compiling '/home/lzbb/rk_inspection_ws/third_party/unitree_ros2/cyclonedds_ws/install/unitree_go/local/lib/python3.10/dist-packages/unitree_go/msg/_motor_cmd.py'...
[268.773s] Compiling '/home/lzbb/rk_inspection_ws/third_party/unitree_ros2/cyclonedds_ws/install/unitree_go/local/lib/python3.10/dist-packages/unitree_go/msg/_motor_cmds.py'...
[268.773s] Compiling '/home/lzbb/rk_inspection_ws/third_party/unitree_ros2/cyclonedds_ws/install/unitree_go/local/lib/python3.10/dist-packages/unitree_go/msg/_motor_state.py'...
[268.773s] Compiling '/home/lzbb/rk_inspection_ws/third_party/unitree_ros2/cyclonedds_ws/install/unitree_go/local/lib/python3.10/dist-packages/unitree_go/msg/_motor_states.py'...
[268.773s] Compiling '/home/lzbb/rk_inspection_ws/third_party/unitree_ros2/cyclonedds_ws/install/unitree_go/local/lib/python3.10/dist-packages/unitree_go/msg/_path_point.py'...
[268.774s] Compiling '/home/lzbb/rk_inspection_ws/third_party/unitree_ros2/cyclonedds_ws/install/unitree_go/local/lib/python3.10/dist-packages/unitree_go/msg/_req.py'...
[268.774s] Compiling '/home/lzbb/rk_inspection_ws/third_party/unitree_ros2/cyclonedds_ws/install/unitree_go/local/lib/python3.10/dist-packages/unitree_go/msg/_res.py'...
[268.774s] Compiling '/home/lzbb/rk_inspection_ws/third_party/unitree_ros2/cyclonedds_ws/install/unitree_go/local/lib/python3.10/dist-packages/unitree_go/msg/_sport_mode_cmd.py'...
[268.774s] Compiling '/home/lzbb/rk_inspection_ws/third_party/unitree_ros2/cyclonedds_ws/install/unitree_go/local/lib/python3.10/dist-packages/unitree_go/msg/_sport_mode_state.py'...
[268.774s] Compiling '/home/lzbb/rk_inspection_ws/third_party/unitree_ros2/cyclonedds_ws/install/unitree_go/local/lib/python3.10/dist-packages/unitree_go/msg/_time_spec.py'...
[268.774s] Compiling '/home/lzbb/rk_inspection_ws/third_party/unitree_ros2/cyclonedds_ws/install/unitree_go/local/lib/python3.10/dist-packages/unitree_go/msg/_uwb_state.py'...
[268.776s] Compiling '/home/lzbb/rk_inspection_ws/third_party/unitree_ros2/cyclonedds_ws/install/unitree_go/local/lib/python3.10/dist-packages/unitree_go/msg/_uwb_switch.py'...
[268.776s] Compiling '/home/lzbb/rk_inspection_ws/third_party/unitree_ros2/cyclonedds_ws/install/unitree_go/local/lib/python3.10/dist-packages/unitree_go/msg/_wireless_controller.py'...
[268.787s] -- Installing: /home/lzbb/rk_inspection_ws/third_party/unitree_ros2/cyclonedds_ws/install/unitree_go/lib/libunitree_go__rosidl_generator_py.so
[268.790s] -- Set runtime path of "/home/lzbb/rk_inspection_ws/third_party/unitree_ros2/cyclonedds_ws/install/unitree_go/lib/libunitree_go__rosidl_generator_py.so" to ""
[268.790s] -- Installing: /home/lzbb/rk_inspection_ws/third_party/unitree_ros2/cyclonedds_ws/install/unitree_go/share/unitree_go/cmake/export_unitree_go__rosidl_generator_cExport.cmake
[268.792s] -- Installing: /home/lzbb/rk_inspection_ws/third_party/unitree_ros2/cyclonedds_ws/install/unitree_go/share/unitree_go/cmake/export_unitree_go__rosidl_generator_cExport-noconfig.cmake
[268.793s] -- Installing: /home/lzbb/rk_inspection_ws/third_party/unitree_ros2/cyclonedds_ws/install/unitree_go/share/unitree_go/cmake/export_unitree_go__rosidl_typesupport_fastrtps_cExport.cmake
[268.793s] -- Installing: /home/lzbb/rk_inspection_ws/third_party/unitree_ros2/cyclonedds_ws/install/unitree_go/share/unitree_go/cmake/export_unitree_go__rosidl_typesupport_fastrtps_cExport-noconfig.cmake
[268.795s] -- Installing: /home/lzbb/rk_inspection_ws/third_party/unitree_ros2/cyclonedds_ws/install/unitree_go/share/unitree_go/cmake/export_unitree_go__rosidl_generator_cppExport.cmake
[268.799s] -- Installing: /home/lzbb/rk_inspection_ws/third_party/unitree_ros2/cyclonedds_ws/install/unitree_go/share/unitree_go/cmake/export_unitree_go__rosidl_typesupport_fastrtps_cppExport.cmake
[268.799s] -- Installing: /home/lzbb/rk_inspection_ws/third_party/unitree_ros2/cyclonedds_ws/install/unitree_go/share/unitree_go/cmake/export_unitree_go__rosidl_typesupport_fastrtps_cppExport-noconfig.cmake
[268.799s] -- Installing: /home/lzbb/rk_inspection_ws/third_party/unitree_ros2/cyclonedds_ws/install/unitree_go/share/unitree_go/cmake/unitree_go__rosidl_typesupport_introspection_cExport.cmake
[268.802s] -- Installing: /home/lzbb/rk_inspection_ws/third_party/unitree_ros2/cyclonedds_ws/install/unitree_go/share/unitree_go/cmake/unitree_go__rosidl_typesupport_introspection_cExport-noconfig.cmake
[268.802s] -- Installing: /home/lzbb/rk_inspection_ws/third_party/unitree_ros2/cyclonedds_ws/install/unitree_go/share/unitree_go/cmake/unitree_go__rosidl_typesupport_cExport.cmake
[268.802s] -- Installing: /home/lzbb/rk_inspection_ws/third_party/unitree_ros2/cyclonedds_ws/install/unitree_go/share/unitree_go/cmake/unitree_go__rosidl_typesupport_cExport-noconfig.cmake
[268.802s] -- Installing: /home/lzbb/rk_inspection_ws/third_party/unitree_ros2/cyclonedds_ws/install/unitree_go/share/unitree_go/cmake/unitree_go__rosidl_typesupport_introspection_cppExport.cmake
[268.804s] -- Installing: /home/lzbb/rk_inspection_ws/third_party/unitree_ros2/cyclonedds_ws/install/unitree_go/share/unitree_go/cmake/unitree_go__rosidl_typesupport_introspection_cppExport-noconfig.cmake
[268.804s] -- Installing: /home/lzbb/rk_inspection_ws/third_party/unitree_ros2/cyclonedds_ws/install/unitree_go/share/unitree_go/cmake/unitree_go__rosidl_typesupport_cppExport.cmake
[268.806s] -- Installing: /home/lzbb/rk_inspection_ws/third_party/unitree_ros2/cyclonedds_ws/install/unitree_go/share/unitree_go/cmake/unitree_go__rosidl_typesupport_cppExport-noconfig.cmake
[268.806s] -- Installing: /home/lzbb/rk_inspection_ws/third_party/unitree_ros2/cyclonedds_ws/install/unitree_go/share/unitree_go/cmake/export_unitree_go__rosidl_generator_pyExport.cmake
[268.808s] -- Installing: /home/lzbb/rk_inspection_ws/third_party/unitree_ros2/cyclonedds_ws/install/unitree_go/share/unitree_go/cmake/export_unitree_go__rosidl_generator_pyExport-noconfig.cmake
[268.816s] Invoked command in '/home/lzbb/rk_inspection_ws/third_party/unitree_ros2/cyclonedds_ws/build/unitree_go' returned '0': CMAKE_PREFIX_PATH=${CMAKE_PREFIX_PATH}:/tmp/rk_rosidl_generator_dds_idl/opt/ros/humble:/opt/ros/humble /usr/bin/cmake --install /home/lzbb/rk_inspection_ws/third_party/unitree_ros2/cyclonedds_ws/build/unitree_go
